-- MySQL dump 10.13  Distrib 8.0.23, for macos10.15 (x86_64)
--
-- Host: localhost    Database: project
-- ------------------------------------------------------
-- Server version	8.0.23

/*!40101 SET @OLD_CHARACTER_SET_CLIENT=@@CHARACTER_SET_CLIENT */;
/*!40101 SET @OLD_CHARACTER_SET_RESULTS=@@CHARACTER_SET_RESULTS */;
/*!40101 SET @OLD_COLLATION_CONNECTION=@@COLLATION_CONNECTION */;
/*!50503 SET NAMES utf8 */;
/*!40103 SET @OLD_TIME_ZONE=@@TIME_ZONE */;
/*!40103 SET TIME_ZONE='+00:00' */;
/*!40014 SET @OLD_UNIQUE_CHECKS=@@UNIQUE_CHECKS, UNIQUE_CHECKS=0 */;
/*!40014 SET @OLD_FOREIGN_KEY_CHECKS=@@FOREIGN_KEY_CHECKS, FOREIGN_KEY_CHECKS=0 */;
/*!40101 SET @OLD_SQL_MODE=@@SQL_MODE, SQL_MODE='NO_AUTO_VALUE_ON_ZERO' */;
/*!40111 SET @OLD_SQL_NOTES=@@SQL_NOTES, SQL_NOTES=0 */;

--
-- Table structure for table `bike_info`
--

DROP TABLE IF EXISTS `bike_info`;
/*!40101 SET @saved_cs_client     = @@character_set_client */;
/*!50503 SET character_set_client = utf8mb4 */;
CREATE TABLE `bike_info` (
  `bID` int NOT NULL,
  `bstatus` text,
  `bGPS` text,
  `barea` text,
  `bpassword` text,
  `busage` text,
  PRIMARY KEY (`bID`)
) ENGINE=InnoDB DEFAULT CHARSET=utf8mb4 COLLATE=utf8mb4_0900_ai_ci;
/*!40101 SET character_set_client = @saved_cs_client */;

--
-- Dumping data for table `bike_info`
--

LOCK TABLES `bike_info` WRITE;
/*!40000 ALTER TABLE `bike_info` DISABLE KEYS */;
INSERT INTO `bike_info` VALUES (1,'0',NULL,'C','6856','1'),(2,'0',NULL,'A','2232','0'),(3,'0',NULL,'A','2422','1'),(4,'0',NULL,'A','7708','0'),(5,'0',NULL,'D','8908','0'),(6,'0',NULL,'A','2835','0'),(7,'0',NULL,'B','6784','1'),(8,'0',NULL,'C','6795','0'),(9,'0',NULL,'C','3421','1'),(10,'0',NULL,'D','8083','1'),(11,'0',NULL,'B','6535','0'),(12,'0',NULL,'C','4129','1'),(13,'0',NULL,'D','4903','1'),(14,'0',NULL,'A','5517','0'),(15,'0',NULL,'A','1389','1'),(16,'0',NULL,'C','7221','0'),(17,'0',NULL,'A','1139','0'),(18,'0',NULL,'D','5762','0'),(19,'0',NULL,'B','5336','0'),(20,'0',NULL,'D','2077','0'),(21,'0',NULL,'C','6905','1'),(22,'0',NULL,'C','3660','0'),(23,'0',NULL,'D','2309','1'),(24,'0',NULL,'D','9096','0'),(25,'0',NULL,'C','6639','1'),(26,'0',NULL,'D','9120','0'),(27,'0',NULL,'A','8763','0'),(28,'0',NULL,'A','4129','1'),(29,'0',NULL,'D','2071','0'),(30,'0',NULL,'C','2070','0'),(31,'0',NULL,'A','3620','0'),(32,'0',NULL,'B','7739','1'),(33,'0',NULL,'A','7916','0'),(34,'0',NULL,'C','9822','0'),(35,'1',NULL,'A','9150','0'),(36,'0',NULL,'D','9348','0'),(37,'0',NULL,'D','2775','1'),(38,'0',NULL,'A','5164','0'),(39,'0',NULL,'A','2625','0'),(40,'0',NULL,'D','7598','0'),(41,'0',NULL,'A','4091','0'),(42,'0',NULL,'D','7272','0'),(43,'0',NULL,'B','2535','0'),(44,'0',NULL,'B','9831','0'),(45,'0',NULL,'D','1043','0'),(46,'0',NULL,'D','9462','0'),(47,'0',NULL,'D','6644','1'),(48,'0',NULL,'B','9379','0'),(49,'0',NULL,'B','9323','0'),(50,'0',NULL,'C','9163','0'),(51,'0',NULL,'D','9944','0'),(52,'0',NULL,'A','2658','0'),(53,'0',NULL,'D','8604','0'),(54,'0',NULL,'A','2023','0'),(55,'0',NULL,'C','6163','1'),(56,'0',NULL,'A','6112','0'),(57,'0',NULL,'A','5983','1'),(58,'0',NULL,'D','9226','0'),(59,'0',NULL,'C','9294','0'),(60,'0',NULL,'C','1098','0'),(61,'0',NULL,'D','6121','0'),(62,'0',NULL,'D','7705','0'),(63,'0',NULL,'C','9391','0'),(64,'0',NULL,'C','6597','1'),(65,'0',NULL,'C','4024','0'),(66,'0',NULL,'A','7451','0'),(67,'0',NULL,'A','6034','0'),(68,'0',NULL,'B','9459','0'),(69,'0',NULL,'A','3937','0'),(70,'0',NULL,'B','6657','0'),(71,'0',NULL,'C','9379','0'),(72,'0',NULL,'C','2249','0'),(73,'0',NULL,'B','3630','0'),(74,'0',NULL,'C','2637','0'),(75,'0',NULL,'C','1718','1'),(76,'0',NULL,'D','9289','0'),(77,'0',NULL,'C','4558','0'),(78,'0',NULL,'B','8505','0'),(79,'0',NULL,'C','3037','0'),(80,'0',NULL,'B','6078','0'),(81,'0',NULL,'D','6091','1'),(82,'0',NULL,'A','9318','0'),(83,'0',NULL,'A','2737','0'),(84,'1',NULL,'B','8121','0'),(85,'0',NULL,'A','5415','0'),(86,'0',NULL,'C','4265','0'),(87,'0',NULL,'A','6729','1'),(88,'0',NULL,'B','9557','0'),(89,'0',NULL,'D','7386','1'),(90,'0',NULL,'A','9657','0'),(91,'0',NULL,'A','1004','0'),(92,'0',NULL,'D','4946','0'),(93,'0',NULL,'C','1117','0'),(94,'0',NULL,'D','4200','0'),(95,'0',NULL,'B','5076','1'),(96,'0',NULL,'D','4319','0'),(97,'0',NULL,'C','1809','0'),(98,'0',NULL,'C','3466','0'),(99,'0',NULL,'A','8444','1'),(100,'0',NULL,'C','4272','0'),(101,'0',NULL,'B','7737','0'),(102,'0',NULL,'C','8477','0'),(103,'0',NULL,'C','1400','0'),(104,'0',NULL,'A','8502','1'),(105,'0',NULL,'D','4242','0'),(106,'0',NULL,'A','4319','1'),(107,'0',NULL,'A','5873','1'),(108,'1',NULL,'C','1844','0'),(109,'0',NULL,'C','6704','1'),(110,'0',NULL,'C','8525','0'),(111,'0',NULL,'D','5015','0'),(112,'0',NULL,'A','7121','0'),(113,'0',NULL,'B','8290','0'),(114,'0',NULL,'D','7476','0'),(115,'0',NULL,'D','6965','1'),(116,'0',NULL,'A','7232','1'),(117,'0',NULL,'C','5755','0'),(118,'0',NULL,'A','5330','0'),(119,'0',NULL,'D','2315','0'),(120,'1',NULL,'D','3949','0'),(121,'0',NULL,'B','7184','0'),(122,'1',NULL,'D','4895','0'),(123,'0',NULL,'B','3807','0'),(124,'0',NULL,'A','6838','0'),(125,'0',NULL,'D','7905','1'),(126,'0',NULL,'B','6124','0'),(127,'0',NULL,'A','5105','0'),(128,'0',NULL,'D','1598','0'),(129,'0',NULL,'A','5678','0'),(130,'0',NULL,'A','4484','1'),(131,'0',NULL,'A','5461','0'),(132,'0',NULL,'B','8548','0'),(133,'0',NULL,'A','6357','0'),(134,'0',NULL,'C','2376','0'),(135,'0',NULL,'B','7275','0'),(136,'0',NULL,'B','2814','0'),(137,'0',NULL,'B','5743','1'),(138,'0',NULL,'C','7090','0'),(139,'1',NULL,'D','4179','0'),(140,'0',NULL,'D','5985','0'),(141,'0',NULL,'D','7104','1'),(142,'0',NULL,'A','2554','0'),(143,'0',NULL,'B','9038','1'),(144,'0',NULL,'D','7768','0'),(145,'1',NULL,'D','3493','0'),(146,'0',NULL,'D','2538','0'),(147,'0',NULL,'C','9082','0'),(148,'0',NULL,'C','8501','0'),(149,'0',NULL,'D','5599','1'),(150,'0',NULL,'B','1923','1'),(151,'0',NULL,'B','1494','0'),(152,'0',NULL,'A','9391','1'),(153,'0',NULL,'A','6232','1'),(154,'0',NULL,'A','5217','0'),(155,'0',NULL,'A','8010','1'),(156,'0',NULL,'A','2403','0'),(157,'0',NULL,'D','6476','1'),(158,'0',NULL,'A','4987','1'),(159,'1',NULL,'C','4899','1'),(160,'0',NULL,'D','1510','0'),(161,'0',NULL,'C','9664','0'),(162,'0',NULL,'A','4553','0'),(163,'0',NULL,'D','6120','0'),(164,'0',NULL,'C','5719','0'),(165,'0',NULL,'A','2115','0'),(166,'0',NULL,'A','2642','0'),(167,'0',NULL,'C','7817','0'),(168,'0',NULL,'B','4277','0'),(169,'0',NULL,'A','5043','0'),(170,'0',NULL,'A','1869','0'),(171,'0',NULL,'A','1895','0'),(172,'0',NULL,'B','3793','0'),(173,'0',NULL,'A','5844','1'),(174,'0',NULL,'D','5877','0'),(175,'0',NULL,'B','7315','0'),(176,'0',NULL,'D','1840','1'),(177,'0',NULL,'C','8841','0'),(178,'0',NULL,'C','8595','1'),(179,'0',NULL,'C','4045','0'),(180,'0',NULL,'C','9152','0'),(181,'0',NULL,'C','5421','1'),(182,'0',NULL,'C','8927','0'),(183,'0',NULL,'A','5969','1'),(184,'0',NULL,'A','1783','1'),(185,'0',NULL,'C','7147','0'),(186,'0',NULL,'D','6827','1'),(187,'0',NULL,'D','9518','0'),(188,'0',NULL,'A','3727','1'),(189,'0',NULL,'C','2982','0'),(190,'0',NULL,'C','3705','0'),(191,'0',NULL,'D','4568','1'),(192,'0',NULL,'A','2432','1'),(193,'0',NULL,'D','5659','0'),(194,'0',NULL,'D','6291','1'),(195,'0',NULL,'D','8691','0'),(196,'0',NULL,'A','3903','1'),(197,'0',NULL,'B','8528','0'),(198,'0',NULL,'C','2929','1'),(199,'0',NULL,'B','8572','0'),(200,'0',NULL,'D','7458','0'),(201,'0',NULL,'C','3903','0'),(202,'0',NULL,'D','1888','0'),(203,'0',NULL,'A','9653','0'),(204,'0',NULL,'D','4512','1'),(205,'0',NULL,'B','3765','1'),(206,'0',NULL,'A','3993','0'),(207,'1',NULL,'A','2233','0'),(208,'0',NULL,'B','6048','1'),(209,'0',NULL,'D','2247','0'),(210,'0',NULL,'A','7752','0'),(211,'0',NULL,'C','2016','0'),(212,'0',NULL,'D','7678','0'),(213,'0',NULL,'C','9112','1'),(214,'0',NULL,'C','3055','0'),(215,'0',NULL,'D','3666','0'),(216,'0',NULL,'D','9359','0'),(217,'0',NULL,'C','1553','1'),(218,'0',NULL,'A','9734','1'),(219,'0',NULL,'D','6618','0'),(220,'0',NULL,'B','3525','1'),(221,'0',NULL,'C','4626','0'),(222,'0',NULL,'D','5800','0'),(223,'0',NULL,'A','8194','0'),(224,'0',NULL,'A','2499','1'),(225,'0',NULL,'B','1737','0'),(226,'0',NULL,'A','3541','0'),(227,'0',NULL,'D','2333','1'),(228,'0',NULL,'B','3065','1'),(229,'0',NULL,'B','5275','0'),(230,'1',NULL,'C','9350','1'),(231,'0',NULL,'D','1414','0'),(232,'0',NULL,'C','3078','1'),(233,'0',NULL,'A','7961','1'),(234,'0',NULL,'A','7908','0'),(235,'0',NULL,'A','7672','0'),(236,'0',NULL,'D','9072','0'),(237,'0',NULL,'A','9615','0'),(238,'0',NULL,'A','5577','0'),(239,'0',NULL,'B','8736','0'),(240,'0',NULL,'A','6683','1'),(241,'0',NULL,'B','8365','1'),(242,'0',NULL,'B','8753','0'),(243,'0',NULL,'A','3962','0'),(244,'0',NULL,'D','8166','0'),(245,'0',NULL,'B','1347','0'),(246,'0',NULL,'B','9245','1'),(247,'0',NULL,'D','2098','0'),(248,'0',NULL,'C','9578','1'),(249,'0',NULL,'A','2959','1'),(250,'0',NULL,'A','8007','0'),(251,'0',NULL,'D','5679','0'),(252,'0',NULL,'D','9151','0'),(253,'0',NULL,'C','1423','0'),(254,'0',NULL,'C','8663','0'),(255,'0',NULL,'D','1922','0'),(256,'0',NULL,'C','7290','0'),(257,'0',NULL,'B','5798','0'),(258,'0',NULL,'B','8924','0'),(259,'0',NULL,'C','9240','0'),(260,'0',NULL,'A','6889','1'),(261,'1',NULL,'C','3285','0'),(262,'0',NULL,'D','8386','0'),(263,'0',NULL,'D','6184','0'),(264,'0',NULL,'A','6208','1'),(265,'0',NULL,'D','3433','0'),(266,'0',NULL,'D','8051','0'),(267,'0',NULL,'A','4519','0'),(268,'0',NULL,'C','8910','1'),(269,'0',NULL,'D','1340','0'),(270,'0',NULL,'D','2342','1'),(271,'0',NULL,'A','8411','0'),(272,'0',NULL,'C','2957','0'),(273,'0',NULL,'C','1786','1'),(274,'0',NULL,'C','8987','0'),(275,'0',NULL,'C','9949','0'),(276,'0',NULL,'C','4096','0'),(277,'0',NULL,'C','7395','1'),(278,'0',NULL,'D','5450','0'),(279,'1',NULL,'C','1537','0'),(280,'0',NULL,'A','3696','0'),(281,'0',NULL,'D','6367','0'),(282,'0',NULL,'B','2573','1'),(283,'0',NULL,'B','4083','0'),(284,'0',NULL,'B','6798','0'),(285,'0',NULL,'C','6296','0'),(286,'0',NULL,'C','3581','0'),(287,'0',NULL,'A','2968','1'),(288,'0',NULL,'B','3550','0'),(289,'0',NULL,'C','2836','0'),(290,'0',NULL,'D','9430','1'),(291,'0',NULL,'B','5643','0'),(292,'0',NULL,'A','4125','0'),(293,'0',NULL,'C','2870','0'),(294,'0',NULL,'C','5285','1'),(295,'0',NULL,'A','7076','0'),(296,'0',NULL,'C','2078','0'),(297,'0',NULL,'C','6742','0'),(298,'0',NULL,'B','6104','0'),(299,'0',NULL,'A','5810','0'),(300,'0',NULL,'C','8945','0'),(301,'0',NULL,'B','1185','0'),(302,'0',NULL,'A','4006','0'),(303,'0',NULL,'B','1065','0'),(304,'0',NULL,'D','8799','0'),(305,'0',NULL,'B','2003','0'),(306,'0',NULL,'C','9184','1'),(307,'0',NULL,'C','3639','1'),(308,'0',NULL,'C','3800','0'),(309,'0',NULL,'D','5674','0'),(310,'1',NULL,'A','6336','0'),(311,'0',NULL,'C','5703','0'),(312,'0',NULL,'A','4064','0'),(313,'0',NULL,'A','5262','0'),(314,'0',NULL,'B','2052','0'),(315,'0',NULL,'D','7937','0'),(316,'0',NULL,'B','4203','1'),(317,'0',NULL,'C','6790','0'),(318,'0',NULL,'D','7115','0'),(319,'0',NULL,'A','2291','0'),(320,'0',NULL,'A','2198','0'),(321,'0',NULL,'A','2878','0'),(322,'0',NULL,'B','8605','0'),(323,'1',NULL,'D','9587','0'),(324,'0',NULL,'D','4549','0'),(325,'0',NULL,'D','3389','1'),(326,'0',NULL,'D','9070','0'),(327,'0',NULL,'C','4005','1'),(328,'0',NULL,'D','2752','1'),(329,'0',NULL,'D','6767','0'),(330,'0',NULL,'A','6620','0'),(331,'0',NULL,'C','3012','0'),(332,'0',NULL,'A','5865','0'),(333,'0',NULL,'C','2836','0'),(334,'0',NULL,'D','9076','0'),(335,'0',NULL,'B','7977','0'),(336,'0',NULL,'B','3705','1'),(337,'0',NULL,'D','2377','0'),(338,'0',NULL,'C','6867','0'),(339,'0',NULL,'A','7097','0'),(340,'0',NULL,'D','8853','0'),(341,'0',NULL,'B','2480','0'),(342,'0',NULL,'A','3872','0'),(343,'0',NULL,'D','7581','0'),(344,'0',NULL,'A','4230','0'),(345,'0',NULL,'D','6081','0'),(346,'0',NULL,'D','5606','1'),(347,'0',NULL,'D','3820','0'),(348,'0',NULL,'B','6758','0'),(349,'0',NULL,'C','3262','0'),(350,'0',NULL,'D','9829','0'),(351,'0',NULL,'A','8888','0'),(352,'0',NULL,'B','4526','0'),(353,'0',NULL,'B','8361','0'),(354,'0',NULL,'D','5040','0'),(355,'0',NULL,'B','2366','1'),(356,'0',NULL,'C','6670','0'),(357,'0',NULL,'D','4576','0'),(358,'0',NULL,'D','2038','0'),(359,'0',NULL,'D','1323','1'),(360,'0',NULL,'D','1182','0'),(361,'1',NULL,'C','4249','0'),(362,'0',NULL,'D','3380','0'),(363,'0',NULL,'C','1097','0'),(364,'0',NULL,'B','1885','1'),(365,'0',NULL,'D','5715','0'),(366,'0',NULL,'C','9226','0'),(367,'0',NULL,'B','9155','0'),(368,'0',NULL,'A','9377','0'),(369,'0',NULL,'B','2826','0'),(370,'0',NULL,'C','4473','0'),(371,'0',NULL,'C','9926','0'),(372,'0',NULL,'A','8603','0'),(373,'0',NULL,'C','8605','1'),(374,'0',NULL,'A','8060','1'),(375,'0',NULL,'C','9225','0'),(376,'0',NULL,'B','1616','0'),(377,'0',NULL,'A','8348','0'),(378,'0',NULL,'D','6100','1'),(379,'0',NULL,'A','9468','1'),(380,'0',NULL,'C','1737','0'),(381,'0',NULL,'B','3667','0'),(382,'0',NULL,'C','3193','0'),(383,'0',NULL,'B','9580','0'),(384,'0',NULL,'A','2282','0'),(385,'0',NULL,'B','2790','1'),(386,'0',NULL,'A','9254','0'),(387,'0',NULL,'A','6842','0'),(388,'0',NULL,'D','4200','1'),(389,'1',NULL,'C','4873','0'),(390,'0',NULL,'C','7598','1'),(391,'0',NULL,'C','2423','1'),(392,'0',NULL,'C','1928','1'),(393,'0',NULL,'D','7838','0'),(394,'0',NULL,'D','1343','1'),(395,'0',NULL,'C','7080','0'),(396,'0',NULL,'D','2379','0'),(397,'0',NULL,'A','4580','0'),(398,'0',NULL,'C','1971','0'),(399,'0',NULL,'A','3640','0'),(400,'0',NULL,'D','2953','0'),(401,'0',NULL,'C','8770','0'),(402,'0',NULL,'A','3787','0'),(403,'0',NULL,'D','6883','0'),(404,'0',NULL,'A','7227','0'),(405,'0',NULL,'B','8986','1'),(406,'0',NULL,'D','2521','1'),(407,'0',NULL,'B','1829','0'),(408,'0',NULL,'A','8109','1'),(409,'0',NULL,'A','9869','1'),(410,'0',NULL,'D','3904','1'),(411,'0',NULL,'D','7838','0'),(412,'0',NULL,'B','9576','0'),(413,'0',NULL,'C','1203','0'),(414,'0',NULL,'C','9427','0'),(415,'0',NULL,'B','5353','0'),(416,'0',NULL,'B','8012','1'),(417,'0',NULL,'A','8637','0'),(418,'0',NULL,'C','7373','0'),(419,'0',NULL,'B','5321','0'),(420,'0',NULL,'D','1440','0'),(421,'0',NULL,'D','1689','0'),(422,'0',NULL,'D','5881','0'),(423,'0',NULL,'A','1889','0'),(424,'0',NULL,'A','8691','1'),(425,'1',NULL,'C','8372','0'),(426,'0',NULL,'B','1942','0'),(427,'0',NULL,'C','2791','0'),(428,'0',NULL,'A','6505','0'),(429,'0',NULL,'A','8956','0'),(430,'0',NULL,'A','6741','1'),(431,'0',NULL,'D','8373','0'),(432,'0',NULL,'B','5021','0'),(433,'0',NULL,'C','3389','0'),(434,'0',NULL,'D','5612','0'),(435,'0',NULL,'A','7494','0'),(436,'0',NULL,'B','7912','0'),(437,'0',NULL,'B','7898','0'),(438,'0',NULL,'C','7384','0'),(439,'0',NULL,'D','1624','0'),(440,'0',NULL,'B','8072','0'),(441,'0',NULL,'C','7072','1'),(442,'0',NULL,'A','2680','0'),(443,'0',NULL,'A','6350','0'),(444,'0',NULL,'A','2704','0'),(445,'0',NULL,'D','1830','0'),(446,'0',NULL,'D','7837','0'),(447,'0',NULL,'C','6160','0'),(448,'0',NULL,'B','9826','0'),(449,'0',NULL,'D','4432','0'),(450,'0',NULL,'C','4702','1'),(451,'0',NULL,'B','6876','0'),(452,'0',NULL,'D','2928','0'),(453,'0',NULL,'B','1021','0'),(454,'0',NULL,'D','4653','0'),(455,'0',NULL,'C','7620','0'),(456,'0',NULL,'D','9441','1'),(457,'0',NULL,'B','7535','1'),(458,'0',NULL,'A','9478','0'),(459,'0',NULL,'A','2737','1'),(460,'0',NULL,'B','2819','1'),(461,'0',NULL,'A','1303','1'),(462,'0',NULL,'C','2604','0'),(463,'0',NULL,'A','1981','0'),(464,'0',NULL,'A','4613','0'),(465,'0',NULL,'C','5964','1'),(466,'1',NULL,'B','2108','0'),(467,'0',NULL,'A','6306','0'),(468,'0',NULL,'B','1432','0'),(469,'0',NULL,'B','4450','0'),(470,'0',NULL,'D','9063','0'),(471,'0',NULL,'B','7640','0'),(472,'0',NULL,'B','1797','0'),(473,'0',NULL,'A','1596','0'),(474,'0',NULL,'A','5800','0'),(475,'0',NULL,'B','1179','0'),(476,'0',NULL,'B','8967','0'),(477,'0',NULL,'D','6849','1'),(478,'0',NULL,'B','2858','1'),(479,'0',NULL,'A','8428','0'),(480,'0',NULL,'A','4576','0'),(481,'0',NULL,'A','9304','0'),(482,'0',NULL,'A','4072','0'),(483,'0',NULL,'D','4369','0'),(484,'0',NULL,'B','6314','1'),(485,'0',NULL,'B','6975','0'),(486,'0',NULL,'C','8062','0'),(487,'0',NULL,'C','6416','0'),(488,'0',NULL,'D','4546','0'),(489,'0',NULL,'D','4908','1'),(490,'0',NULL,'A','7534','1'),(491,'0',NULL,'A','6865','1'),(492,'0',NULL,'C','4219','0'),(493,'0',NULL,'D','5018','0'),(494,'0',NULL,'D','4542','0'),(495,'0',NULL,'B','4002','0'),(496,'0',NULL,'D','8852','0'),(497,'0',NULL,'C','8108','1'),(498,'0',NULL,'B','8317','0'),(499,'1',NULL,'D','8440','0'),(500,'0',NULL,'B','7178','0');
/*!40000 ALTER TABLE `bike_info` ENABLE KEYS */;
UNLOCK TABLES;

--
-- Table structure for table `customer_info`
--

DROP TABLE IF EXISTS `customer_info`;
/*!40101 SET @saved_cs_client     = @@character_set_client */;
/*!50503 SET character_set_client = utf8mb4 */;
CREATE TABLE `customer_info` (
  `ID` int NOT NULL,
  `UserName` text,
  `Password` text,
  `renttime` text,
  `Tel` text,
  `Bankcard` text,
  `usertype` text,
  `Balance` text,
  PRIMARY KEY (`ID`)
) ENGINE=InnoDB DEFAULT CHARSET=utf8mb4 COLLATE=utf8mb4_0900_ai_ci;
/*!40101 SET character_set_client = @saved_cs_client */;

--
-- Dumping data for table `customer_info`
--

LOCK TABLES `customer_info` WRITE;
/*!40000 ALTER TABLE `customer_info` DISABLE KEYS */;
INSERT INTO `customer_info` VALUES (1,'Sebastian Smith','abc258#','68','9213963347','5870605269967734','2','45'),(2,'Benjamin Taylor','asd258!!','82','4483046196','3086453211839765','0','27'),(3,'Daniel Miller','asd741!','40','3137535570','2068666794953830','0','32'),(4,'Jacob Taylor','qwe258!','100','6618109334','8106581642936960','1','92'),(5,'Sebastian Johnson','zxc5678%','33','8416580316','2997296402383952','1','31'),(6,'Jack Moore','asd258$','5','2882487168','4876590705066293','0','94'),(7,'Oliver King','zxc1234!','34','7090355372','7261922883500068','0','91'),(8,'Daniel Brown','asd1234$','96','7720823955','8015617357456390','2','0'),(9,'Lucas Taylor','wasd147%','60','1361947798','3496975664769673','3','28'),(10,'Jacob Davis','asd258!','74','4196039112','5129815413436105','0','47'),(11,'James Williams','asd1234%','74','2836754973','6407921326452748','0','71'),(12,'Jack King','abc258!','81','7499366298','7651503883913551','2','91'),(13,'Sebastian Martin','zxc1234@','30','2097941260','5193463860823171','0','75'),(14,'Daniel Walker','qwe147@','54','4429992467','7886434911998569','0','77'),(15,'Henry King','zxc258@','30','1530325950','8900667293003654','0','63'),(16,'Liam Taylor','wasd1234$','86','4622061246','9246916149541773','0','44'),(17,'Benjamin Scott','zxc5678%','7','3242973794','2456486660766725','0','95'),(18,'Michael King','qwe147!!','58','2896104176','3063319453367186','0','10'),(19,'Oliver Williams','wasd5678@','91','3278781078','4795795587872261','1','2'),(20,'Jack Brown','zxc5678%','81','4198040609','4731910693070221','0','84'),(21,'Elijah Williams','zxc312#','19','1332473961','7001929906045339','1','79'),(22,'Mason Scott','wasd147%','52','6538618464','9612432433138535','0','52'),(23,'Elijah Davis','wasd1234$','87','8855662817','4819537762528050','1','26'),(24,'Ethan King','wasd5678%','1','6690463168','7200250291830177','0','14'),(25,'Benjamin Brown','zxc741#','77','6625516788','4196948289382607','0','85'),(26,'Benjamin Davis','qwe741$','86','1726944311','8993471214351371','0','4'),(27,'Lucas Walker','zxc1234@','83','1369430321','8531810910676188','0','10'),(28,'Daniel Martin','zxc1234@','89','5630918927','5417733879882467','1','41'),(29,'Logan Taylor','abc258%','80','6910200929','6303831301919943','0','75'),(30,'Jackson Williams','abc5678$','9','7278738159','5977358209621712','0','89'),(31,'Liam Moore','qwe312%','65','4857548304','3068034347053441','3','21'),(32,'Mason Brown','qwe5678!!','21','3790856425','9492217107272392','0','50'),(33,'Benjamin Clark','abc147@','59','4093022199','2716042230035808','0','45'),(34,'Oliver Smith','zxc258$','57','4961617073','1561190984789284','0','22'),(35,'Henry Miller','asd312$','81','2401083573','8630597707909663','0','54'),(36,'Henry Brown','asd147!','6','8711699476','9076788888191947','3','54'),(37,'James Taylor','zxc258@','29','1680351548','8007967142509293','0','31'),(38,'Noah Smith','asd1234!!','12','3698345414','6672893897336677','0','61'),(39,'Jacob Martin','wasd5678@','6','1527271057','8740760865380842','0','98'),(40,'Oliver Martin','abc741!!','47','9263311781','3772160760438899','0','32'),(41,'Mason Moore','asd5678!','97','5393326018','6277687220230104','0','50'),(42,'Liam Johnson','wasd5678!','73','2353775710','6165712285888406','2','93'),(43,'William Clark','wasd312!','90','9256602721','6095045916352415','0','88'),(44,'William Moore','zxc1234@','55','5431776282','7531523809912478','2','100'),(45,'Liam Miller','zxc258#','49','6314887683','1402911932758876','1','20'),(46,'Daniel Moore','abc147@','95','8986440932','3425998872468922','0','30'),(47,'Oliver Miller','zxc1234@','43','6586063371','8156557442642026','2','66'),(48,'Mason Martin','qwe1234$','51','7245465471','6816905596665510','0','94'),(49,'Alexander Taylor','abc1234!','67','5159200218','3844851658721681','1','4'),(50,'Alexander Miller','abc5678@','51','9268064234','9982033699959387','2','3'),(51,'Ethan Brown','wasd1234@','3','7313079239','2111747757391337','3','15'),(52,'Alexander Walker','qwe147!!','78','4560082465','5232468913469069','0','61'),(53,'Michael Moore','asd741@','0','9380029398','7784487369725558','2','63'),(54,'Lucas King','wasd258%','59','3985551083','6020661589818034','0','80'),(55,'Lucas Smith','zxc258$','30','6199275122','4075383173226384','1','80'),(56,'Henry Davis','abc312$','48','7393788970','8342619080905833','0','54'),(57,'Alexander Martin','zxc5678@','99','6766861432','7322936462937059','0','54'),(58,'Oliver Davis','abc312$','22','6218682549','7299881972917671','0','18'),(59,'Alexander Moore','asd258$','9','5941172688','6624072798918165','0','47'),(60,'James Moore','zxc312#','36','2587506761','2320382753253963','0','32'),(61,'Ethan Martin','wasd1234$','63','9688136094','4506856443032179','1','40'),(62,'Daniel Scott','asd741@','70','1487408132','5220008142205632','0','22'),(63,'Logan Walker','zxc741$','47','7433484931','5740120920337516','0','35'),(64,'Lucas Martin','asd312#','5','2329338023','2380998256125681','2','76'),(65,'James Davis','asd5678$','13','7861449636','7072870170703118','1','61'),(66,'Noah Williams','qwe5678!!','25','5512966323','9019782127222278','0','71'),(67,'Jacob Smith','abc5678!!','11','9441179456','8406172227932636','0','55'),(68,'Elijah Scott','wasd5678!!','13','9934829296','6024702684847907','0','73'),(69,'James King','asd312#','36','3718897058','6609871550806493','1','39'),(70,'Michael Davis','asd312!!','52','4430985580','4365618889450213','0','2'),(71,'Lucas Clark','abc258!','24','4497303975','6596819166732077','0','68'),(72,'Benjamin Smith','abc741!!','65','1199977520','2328967327787006','0','67'),(73,'Jack Walker','qwe5678#','4','5862934763','6302776711843962','0','92'),(74,'Henry Walker','qwe5678#','88','2334701869','1482383721213732','1','80'),(75,'Michael Scott','wasd258%','93','1885113599','9456574605492378','2','66'),(76,'Noah Miller','zxc1234!','84','2278550722','1238723506226496','0','48'),(77,'Jacob Moore','zxc258$','16','8616878734','6014948143652670','1','96'),(78,'Michael Clark','abc5678!','58','2291547084','7129734662143454','3','33'),(79,'William Brown','wasd312#','44','4711101314','8833983750186749','0','65'),(80,'Liam King','zxc741@','42','4645365125','9147305045874796','0','48'),(81,'Noah Walker','qwe741#','52','5955241112','9872034902116441','0','1'),(82,'Logan Davis','zxc741$','56','9414859841','8187776650068780','3','31');
/*!40000 ALTER TABLE `customer_info` ENABLE KEYS */;
UNLOCK TABLES;

--
-- Table structure for table `pay_info`
--

DROP TABLE IF EXISTS `pay_info`;
/*!40101 SET @saved_cs_client     = @@character_set_client */;
/*!50503 SET character_set_client = utf8mb4 */;
CREATE TABLE `pay_info` (
  `pID` int NOT NULL,
  `ID` text,
  `bID` text,
  `starttime` text,
  `endtime` text,
  `duration` text,
  `oribill` text,
  `discount` text,
  `startGPS` text,
  `endGPS` text,
  PRIMARY KEY (`pID`)
) ENGINE=InnoDB DEFAULT CHARSET=utf8mb4 COLLATE=utf8mb4_0900_ai_ci;
/*!40101 SET character_set_client = @saved_cs_client */;

--
-- Dumping data for table `pay_info`
--

LOCK TABLES `pay_info` WRITE;
/*!40000 ALTER TABLE `pay_info` DISABLE KEYS */;
INSERT INTO `pay_info` VALUES (1,'46','230','2020-06-28 12:29:08','2020-06-28 13:46:08','77',NULL,NULL,NULL,NULL),(2,'81','323','2020-03-02 20:21:40','2020-03-02 21:13:40','52',NULL,NULL,NULL,NULL),(3,'40','289','2020-08-30 14:16:45','2020-08-30 20:34:45','378',NULL,NULL,NULL,NULL),(4,'52','136','2021-01-01 20:49:53','2021-01-01 23:46:53','177',NULL,NULL,NULL,NULL),(5,'35','47','2020-08-14 10:04:44','2020-08-14 15:53:44','349',NULL,NULL,NULL,NULL),(6,'34','54','2020-01-14 21:30:48','2020-01-14 22:43:48','73',NULL,NULL,NULL,NULL),(7,'37','19','2020-11-11 21:09:37','2020-11-12 02:38:37','329',NULL,NULL,NULL,NULL),(8,'32','456','2020-06-25 09:07:40','2020-06-25 12:31:40','204',NULL,NULL,NULL,NULL),(9,'43','19','2020-04-01 23:03:06','2020-04-01 23:30:06','27',NULL,NULL,NULL,NULL),(10,'17','365','2020-11-24 18:41:21','2020-11-25 03:16:21','515',NULL,NULL,NULL,NULL),(11,'63','278','2021-01-19 23:39:02','2021-01-20 07:38:02','479',NULL,NULL,NULL,NULL),(12,'31','75','2021-01-09 15:43:00','2021-01-09 19:59:00','256',NULL,NULL,NULL,NULL),(13,'55','176','2020-05-23 10:34:23','2020-05-23 15:37:23','303',NULL,NULL,NULL,NULL),(14,'49','408','2020-01-10 11:33:07','2020-01-10 19:16:07','463',NULL,NULL,NULL,NULL),(15,'43','173','2020-05-06 23:06:44','2020-05-07 07:56:44','530',NULL,NULL,NULL,NULL),(16,'48','331','2020-06-11 08:39:35','2020-06-11 10:37:35','118',NULL,NULL,NULL,NULL),(17,'43','472','2020-05-30 07:46:08','2020-05-30 15:36:08','470',NULL,NULL,NULL,NULL),(18,'74','36','2020-01-31 20:00:35','2020-01-31 23:00:35','180',NULL,NULL,NULL,NULL),(19,'9','441','2020-03-20 21:54:21','2020-03-21 01:54:21','240',NULL,NULL,NULL,NULL),(20,'57','250','2020-04-11 04:02:22','2020-04-11 04:47:22','45',NULL,NULL,NULL,NULL),(21,'81','138','2020-07-01 18:36:28','2020-07-01 21:00:28','144',NULL,NULL,NULL,NULL),(22,'22','432','2020-10-26 07:56:42','2020-10-26 16:54:42','538',NULL,NULL,NULL,NULL),(23,'62','215','2020-06-19 14:43:16','2020-06-20 00:00:16','557',NULL,NULL,NULL,NULL),(24,'6','334','2021-01-27 00:22:36','2021-01-27 05:44:36','322',NULL,NULL,NULL,NULL),(25,'22','126','2020-07-22 05:38:25','2020-07-22 08:54:25','196',NULL,NULL,NULL,NULL),(26,'67','459','2020-01-11 23:00:21','2020-01-12 05:47:21','407',NULL,NULL,NULL,NULL),(27,'7','376','2020-12-19 15:12:15','2020-12-19 21:38:15','386',NULL,NULL,NULL,NULL),(28,'43','175','2020-09-10 05:31:07','2020-09-10 14:39:07','548',NULL,NULL,NULL,NULL),(29,'40','267','2020-04-08 08:53:44','2020-04-08 17:29:44','516',NULL,NULL,NULL,NULL),(30,'82','417','2020-03-11 00:36:19','2020-03-11 09:25:19','529',NULL,NULL,NULL,NULL),(31,'29','280','2020-09-12 16:06:42','2020-09-13 00:09:42','483',NULL,NULL,NULL,NULL),(32,'5','162','2020-12-25 04:51:26','2020-12-25 11:38:26','407',NULL,NULL,NULL,NULL),(33,'21','27','2020-02-05 18:50:24','2020-02-06 00:03:24','313',NULL,NULL,NULL,NULL),(34,'81','492','2020-03-23 16:03:15','2020-03-23 18:27:15','144',NULL,NULL,NULL,NULL),(35,'20','237','2021-01-18 04:04:59','2021-01-18 07:42:59','218',NULL,NULL,NULL,NULL),(36,'59','374','2020-01-04 07:17:42','2020-01-04 16:42:42','565',NULL,NULL,NULL,NULL),(37,'16','116','2020-06-10 16:22:17','2020-06-10 23:10:17','408',NULL,NULL,NULL,NULL),(38,'55','276','2020-06-19 15:41:54','2020-06-19 15:54:54','13',NULL,NULL,NULL,NULL),(39,'16','66','2020-12-12 13:37:18','2020-12-12 16:31:18','174',NULL,NULL,NULL,NULL),(40,'40','184','2021-01-27 18:14:43','2021-01-28 02:20:43','486',NULL,NULL,NULL,NULL),(41,'74','92','2020-10-21 04:20:44','2020-10-21 11:04:44','404',NULL,NULL,NULL,NULL),(42,'32','230','2021-01-24 01:21:33','2021-01-24 09:01:33','460',NULL,NULL,NULL,NULL),(43,'35','205','2020-10-26 07:14:57','2020-10-26 14:37:57','443',NULL,NULL,NULL,NULL),(44,'31','185','2021-01-29 14:14:25','2021-01-29 16:31:25','137',NULL,NULL,NULL,NULL),(45,'44','3','2020-03-12 09:37:08','2020-03-12 13:25:08','228',NULL,NULL,NULL,NULL),(46,'78','428','2020-10-11 02:30:30','2020-10-11 11:57:30','567',NULL,NULL,NULL,NULL),(47,'47','428','2020-06-28 03:08:06','2020-06-28 11:00:06','472',NULL,NULL,NULL,NULL),(48,'18','297','2020-08-09 17:15:16','2020-08-10 03:15:16','600',NULL,NULL,NULL,NULL),(49,'13','424','2020-04-25 05:19:03','2020-04-25 08:45:03','206',NULL,NULL,NULL,NULL),(50,'71','253','2020-12-17 20:14:36','2020-12-17 20:51:36','37',NULL,NULL,NULL,NULL),(51,'65','105','2020-07-29 14:09:49','2020-07-29 21:40:49','451',NULL,NULL,NULL,NULL),(52,'52','80','2020-02-16 21:11:37','2020-02-17 02:40:37','329',NULL,NULL,NULL,NULL),(53,'50','237','2021-01-20 23:05:13','2021-01-21 08:19:13','554',NULL,NULL,NULL,NULL),(54,'26','341','2021-01-25 11:03:01','2021-01-25 19:10:01','487',NULL,NULL,NULL,NULL),(55,'22','425','2020-11-12 14:58:51','2020-11-12 19:13:51','255',NULL,NULL,NULL,NULL),(56,'17','269','2020-05-23 22:58:31','2020-05-24 08:51:31','593',NULL,NULL,NULL,NULL),(57,'6','122','2020-09-04 14:34:16','2020-09-04 20:12:16','338',NULL,NULL,NULL,NULL),(58,'77','296','2020-09-11 04:56:24','2020-09-11 13:51:24','535',NULL,NULL,NULL,NULL),(59,'75','465','2021-01-30 06:45:24','2021-01-30 15:34:24','529',NULL,NULL,NULL,NULL),(60,'73','479','2020-07-17 10:20:02','2020-07-17 17:11:02','411',NULL,NULL,NULL,NULL),(61,'12','290','2020-09-13 03:40:59','2020-09-13 05:58:59','138',NULL,NULL,NULL,NULL),(62,'37','178','2020-10-09 06:00:19','2020-10-09 14:28:19','508',NULL,NULL,NULL,NULL),(63,'13','496','2020-07-23 18:06:29','2020-07-23 22:25:29','259',NULL,NULL,NULL,NULL),(64,'69','166','2020-02-27 04:26:41','2020-02-27 10:56:41','390',NULL,NULL,NULL,NULL),(65,'82','141','2020-08-18 09:15:23','2020-08-18 18:10:23','535',NULL,NULL,NULL,NULL),(66,'35','328','2021-01-23 01:27:11','2021-01-23 03:32:11','125',NULL,NULL,NULL,NULL),(67,'21','487','2020-11-16 01:24:56','2020-11-16 08:46:56','442',NULL,NULL,NULL,NULL),(68,'61','134','2020-01-18 11:07:26','2020-01-18 14:07:26','180',NULL,NULL,NULL,NULL),(69,'31','368','2020-04-04 03:46:08','2020-04-04 13:10:08','564',NULL,NULL,NULL,NULL),(70,'62','96','2021-01-19 03:31:49','2021-01-19 09:27:49','356',NULL,NULL,NULL,NULL),(71,'16','49','2020-10-07 07:05:45','2020-10-07 07:59:45','54',NULL,NULL,NULL,NULL),(72,'36','302','2020-07-22 09:17:46','2020-07-22 17:07:46','470',NULL,NULL,NULL,NULL),(73,'2','107','2020-12-05 21:11:35','2020-12-06 01:57:35','286',NULL,NULL,NULL,NULL),(74,'27','173','2020-09-19 05:58:30','2020-09-19 12:42:30','404',NULL,NULL,NULL,NULL),(75,'59','282','2020-05-25 12:39:42','2020-05-25 15:03:42','144',NULL,NULL,NULL,NULL),(76,'43','491','2021-01-05 00:17:19','2021-01-05 08:44:19','507',NULL,NULL,NULL,NULL),(77,'43','184','2020-03-17 00:51:19','2020-03-17 09:32:19','521',NULL,NULL,NULL,NULL),(78,'12','45','2021-01-31 20:09:01','2021-02-01 05:47:01','578',NULL,NULL,NULL,NULL),(79,'17','2','2020-11-04 13:23:22','2020-11-04 19:22:22','359',NULL,NULL,NULL,NULL),(80,'52','176','2020-07-07 19:45:35','2020-07-08 05:20:35','575',NULL,NULL,NULL,NULL),(81,'76','62','2020-09-09 09:14:13','2020-09-09 18:59:13','585',NULL,NULL,NULL,NULL),(82,'13','304','2020-10-08 14:13:34','2020-10-08 19:07:34','294',NULL,NULL,NULL,NULL),(83,'38','329','2020-09-20 01:02:45','2020-09-20 05:48:45','286',NULL,NULL,NULL,NULL),(84,'53','161','2021-01-22 00:11:18','2021-01-22 09:28:18','557',NULL,NULL,NULL,NULL),(85,'56','484','2020-10-09 15:48:04','2020-10-10 00:00:04','492',NULL,NULL,NULL,NULL),(86,'75','479','2020-12-26 16:51:15','2020-12-26 23:25:15','394',NULL,NULL,NULL,NULL),(87,'54','118','2020-05-25 02:22:45','2020-05-25 03:59:45','97',NULL,NULL,NULL,NULL),(88,'6','147','2020-06-12 03:23:43','2020-06-12 10:37:43','434',NULL,NULL,NULL,NULL),(89,'70','144','2020-12-28 00:03:18','2020-12-28 03:24:18','201',NULL,NULL,NULL,NULL),(90,'20','250','2020-06-03 11:18:59','2020-06-03 16:25:59','307',NULL,NULL,NULL,NULL),(91,'46','379','2020-11-25 19:52:52','2020-11-25 22:13:52','141',NULL,NULL,NULL,NULL),(92,'25','324','2020-01-31 18:18:58','2020-01-31 21:55:58','217',NULL,NULL,NULL,NULL),(93,'38','340','2020-02-29 04:15:16','2020-02-29 04:29:16','14',NULL,NULL,NULL,NULL),(94,'1','462','2020-07-24 01:19:00','2020-07-24 09:00:00','461',NULL,NULL,NULL,NULL),(95,'15','12','2020-03-30 18:30:25','2020-03-30 21:22:25','172',NULL,NULL,NULL,NULL),(96,'33','429','2020-04-08 09:01:53','2020-04-08 18:50:53','589',NULL,NULL,NULL,NULL),(97,'17','490','2020-08-11 15:19:21','2020-08-11 16:59:21','100',NULL,NULL,NULL,NULL),(98,'33','237','2020-10-22 07:10:08','2020-10-22 07:30:08','20',NULL,NULL,NULL,NULL),(99,'66','71','2020-03-02 19:57:54','2020-03-02 23:01:54','184',NULL,NULL,NULL,NULL),(100,'63','20','2020-05-17 05:22:14','2020-05-17 13:38:14','496',NULL,NULL,NULL,NULL),(101,'42','145','2020-09-05 15:44:19','2020-09-05 18:11:19','147',NULL,NULL,NULL,NULL),(102,'40','384','2020-05-16 09:37:06','2020-05-16 12:10:06','153',NULL,NULL,NULL,NULL),(103,'20','211','2020-11-09 23:56:14','2020-11-10 07:50:14','474',NULL,NULL,NULL,NULL),(104,'14','95','2020-09-20 12:30:43','2020-09-20 13:25:43','55',NULL,NULL,NULL,NULL),(105,'15','23','2020-04-27 18:33:03','2020-04-27 22:04:03','211',NULL,NULL,NULL,NULL),(106,'58','457','2020-03-18 02:17:10','2020-03-18 10:03:10','466',NULL,NULL,NULL,NULL),(107,'81','221','2020-06-11 03:36:18','2020-06-11 10:32:18','416',NULL,NULL,NULL,NULL),(108,'50','36','2020-04-12 09:08:46','2020-04-12 10:56:46','108',NULL,NULL,NULL,NULL),(109,'58','12','2020-02-11 01:56:22','2020-02-11 03:51:22','115',NULL,NULL,NULL,NULL),(110,'13','384','2020-02-11 00:12:27','2020-02-11 10:10:27','598',NULL,NULL,NULL,NULL),(111,'26','271','2020-10-17 19:36:14','2020-10-17 20:47:14','71',NULL,NULL,NULL,NULL),(112,'56','109','2020-09-02 17:12:25','2020-09-02 18:58:25','106',NULL,NULL,NULL,NULL),(113,'24','247','2021-01-06 10:25:22','2021-01-06 17:40:22','435',NULL,NULL,NULL,NULL),(114,'37','210','2020-09-18 19:54:31','2020-09-19 00:13:31','259',NULL,NULL,NULL,NULL),(115,'59','56','2021-02-01 06:07:44','2021-02-01 06:30:44','23',NULL,NULL,NULL,NULL),(116,'14','331','2020-01-21 15:32:57','2020-01-21 17:42:57','130',NULL,NULL,NULL,NULL),(117,'3','96','2020-04-19 12:31:54','2020-04-19 13:48:54','77',NULL,NULL,NULL,NULL),(118,'11','271','2020-03-01 11:18:42','2020-03-01 19:31:42','493',NULL,NULL,NULL,NULL),(119,'20','166','2020-12-02 08:09:52','2020-12-02 16:22:52','493',NULL,NULL,NULL,NULL),(120,'31','192','2020-11-24 23:03:03','2020-11-25 03:26:03','263',NULL,NULL,NULL,NULL),(121,'22','36','2020-11-09 15:54:23','2020-11-10 00:57:23','543',NULL,NULL,NULL,NULL),(122,'14','79','2020-11-03 00:18:53','2020-11-03 01:51:53','93',NULL,NULL,NULL,NULL),(123,'19','406','2021-01-26 01:25:35','2021-01-26 04:24:35','179',NULL,NULL,NULL,NULL),(124,'44','330','2020-03-14 10:32:23','2020-03-14 12:15:23','103',NULL,NULL,NULL,NULL),(125,'56','196','2020-10-10 19:52:13','2020-10-11 01:52:13','360',NULL,NULL,NULL,NULL),(126,'71','210','2021-01-04 09:14:15','2021-01-04 09:16:15','2',NULL,NULL,NULL,NULL),(127,'1','415','2020-03-29 00:51:00','2020-03-29 03:48:00','177',NULL,NULL,NULL,NULL),(128,'21','128','2020-04-28 10:31:09','2020-04-28 19:36:09','545',NULL,NULL,NULL,NULL),(129,'12','121','2020-01-07 00:29:33','2020-01-07 02:16:33','107',NULL,NULL,NULL,NULL),(130,'29','201','2020-12-31 09:10:16','2020-12-31 14:12:16','302',NULL,NULL,NULL,NULL),(131,'45','82','2021-01-09 04:19:16','2021-01-09 13:32:16','553',NULL,NULL,NULL,NULL),(132,'18','75','2020-04-04 23:50:55','2020-04-05 09:24:55','574',NULL,NULL,NULL,NULL),(133,'30','8','2020-10-17 17:55:21','2020-10-18 00:42:21','407',NULL,NULL,NULL,NULL),(134,'31','393','2021-01-24 07:59:14','2021-01-24 14:38:14','399',NULL,NULL,NULL,NULL),(135,'70','284','2020-02-07 18:11:17','2020-02-08 02:49:17','518',NULL,NULL,NULL,NULL),(136,'54','346','2020-04-11 02:44:52','2020-04-11 12:14:52','570',NULL,NULL,NULL,NULL),(137,'36','104','2020-10-04 06:23:27','2020-10-04 15:49:27','566',NULL,NULL,NULL,NULL),(138,'47','360','2020-03-10 09:58:11','2020-03-10 19:19:11','561',NULL,NULL,NULL,NULL),(139,'52','115','2020-12-19 01:30:04','2020-12-19 11:03:04','573',NULL,NULL,NULL,NULL),(140,'8','302','2020-04-08 00:44:54','2020-04-08 08:28:54','464',NULL,NULL,NULL,NULL),(141,'51','317','2020-06-06 21:43:03','2020-06-07 03:22:03','339',NULL,NULL,NULL,NULL),(142,'7','3','2020-10-31 13:08:05','2020-10-31 21:21:05','493',NULL,NULL,NULL,NULL),(143,'71','157','2021-01-11 04:59:49','2021-01-11 10:03:49','304',NULL,NULL,NULL,NULL),(144,'34','57','2020-11-17 06:16:18','2020-11-17 13:45:18','449',NULL,NULL,NULL,NULL),(145,'31','49','2020-07-05 15:48:02','2020-07-05 23:24:02','456',NULL,NULL,NULL,NULL),(146,'24','294','2020-05-29 06:31:53','2020-05-29 11:05:53','274',NULL,NULL,NULL,NULL),(147,'33','315','2020-10-21 04:52:09','2020-10-21 05:58:09','66',NULL,NULL,NULL,NULL),(148,'72','273','2020-11-01 23:13:51','2020-11-02 05:09:51','356',NULL,NULL,NULL,NULL),(149,'60','238','2020-08-18 20:34:07','2020-08-19 05:00:07','506',NULL,NULL,NULL,NULL),(150,'65','116','2021-01-14 12:14:18','2021-01-14 20:40:18','506',NULL,NULL,NULL,NULL),(151,'52','293','2020-04-12 05:02:47','2020-04-12 08:49:47','227',NULL,NULL,NULL,NULL),(152,'42','196','2020-11-25 12:55:17','2020-11-25 20:43:17','468',NULL,NULL,NULL,NULL),(153,'18','60','2020-03-15 17:06:22','2020-03-15 17:37:22','31',NULL,NULL,NULL,NULL),(154,'54','232','2020-11-02 22:59:54','2020-11-03 00:27:54','88',NULL,NULL,NULL,NULL),(155,'8','488','2020-06-24 03:38:53','2020-06-24 05:47:53','129',NULL,NULL,NULL,NULL),(156,'45','149','2020-06-27 13:25:43','2020-06-27 16:18:43','173',NULL,NULL,NULL,NULL),(157,'12','476','2020-08-31 17:26:29','2020-08-31 19:06:29','100',NULL,NULL,NULL,NULL),(158,'59','353','2020-01-30 01:44:26','2020-01-30 10:12:26','508',NULL,NULL,NULL,NULL),(159,'50','246','2020-06-03 11:57:59','2020-06-03 11:58:59','1',NULL,NULL,NULL,NULL),(160,'26','388','2020-07-02 17:34:51','2020-07-03 03:09:51','575',NULL,NULL,NULL,NULL),(161,'3','205','2020-12-27 08:59:45','2020-12-27 13:49:45','290',NULL,NULL,NULL,NULL),(162,'76','172','2020-07-25 07:09:26','2020-07-25 16:04:26','535',NULL,NULL,NULL,NULL),(163,'40','152','2020-06-18 11:55:51','2020-06-18 13:22:51','87',NULL,NULL,NULL,NULL),(164,'20','101','2020-06-09 14:15:32','2020-06-09 16:53:32','158',NULL,NULL,NULL,NULL),(165,'14','115','2020-06-09 12:41:33','2020-06-09 18:34:33','353',NULL,NULL,NULL,NULL),(166,'65','400','2020-11-18 23:03:00','2020-11-19 01:27:00','144',NULL,NULL,NULL,NULL),(167,'13','8','2021-01-10 00:17:23','2021-01-10 09:16:23','539',NULL,NULL,NULL,NULL),(168,'69','429','2020-02-22 15:48:07','2020-02-22 23:18:07','450',NULL,NULL,NULL,NULL),(169,'56','492','2020-04-08 10:38:51','2020-04-08 19:27:51','529',NULL,NULL,NULL,NULL),(170,'8','397','2020-08-07 18:07:08','2020-08-07 19:26:08','79',NULL,NULL,NULL,NULL),(171,'20','221','2020-12-26 06:04:10','2020-12-26 11:17:10','313',NULL,NULL,NULL,NULL),(172,'47','186','2020-11-11 02:55:41','2020-11-11 05:15:41','140',NULL,NULL,NULL,NULL),(173,'13','179','2020-09-25 19:15:53','2020-09-25 23:03:53','228',NULL,NULL,NULL,NULL),(174,'25','5','2020-03-21 21:05:17','2020-03-22 00:44:17','219',NULL,NULL,NULL,NULL),(175,'51','489','2021-01-26 10:40:37','2021-01-26 11:15:37','35',NULL,NULL,NULL,NULL),(176,'55','446','2020-11-09 12:06:52','2020-11-09 13:23:52','77',NULL,NULL,NULL,NULL),(177,'9','285','2020-02-23 18:56:52','2020-02-23 22:51:52','235',NULL,NULL,NULL,NULL),(178,'55','278','2020-08-27 05:30:28','2020-08-27 08:08:28','158',NULL,NULL,NULL,NULL),(179,'57','410','2020-06-24 12:57:57','2020-06-24 22:36:57','579',NULL,NULL,NULL,NULL),(180,'26','472','2020-04-21 03:23:29','2020-04-21 10:42:29','439',NULL,NULL,NULL,NULL),(181,'34','243','2020-09-03 07:25:31','2020-09-03 10:33:31','188',NULL,NULL,NULL,NULL),(182,'78','269','2020-08-15 22:33:44','2020-08-16 08:23:44','590',NULL,NULL,NULL,NULL),(183,'63','305','2020-12-01 20:01:50','2020-12-02 01:16:50','315',NULL,NULL,NULL,NULL),(184,'13','86','2020-05-27 04:48:45','2020-05-27 09:46:45','298',NULL,NULL,NULL,NULL),(185,'42','357','2020-05-11 00:47:50','2020-05-11 05:57:50','310',NULL,NULL,NULL,NULL),(186,'56','395','2020-12-07 08:11:30','2020-12-07 11:55:30','224',NULL,NULL,NULL,NULL),(187,'31','29','2020-01-26 03:11:23','2020-01-26 11:50:23','519',NULL,NULL,NULL,NULL),(188,'20','139','2020-03-13 19:21:12','2020-03-14 02:05:12','404',NULL,NULL,NULL,NULL),(189,'39','216','2020-04-15 15:47:53','2020-04-16 01:07:53','560',NULL,NULL,NULL,NULL),(190,'37','252','2021-01-30 06:12:28','2021-01-30 10:17:28','245',NULL,NULL,NULL,NULL),(191,'43','39','2020-12-10 14:23:27','2020-12-10 18:08:27','225',NULL,NULL,NULL,NULL),(192,'11','82','2020-09-19 21:36:40','2020-09-20 01:12:40','216',NULL,NULL,NULL,NULL),(193,'19','382','2020-07-18 04:31:24','2020-07-18 06:41:24','130',NULL,NULL,NULL,NULL),(194,'29','321','2020-03-26 13:14:20','2020-03-26 20:56:20','462',NULL,NULL,NULL,NULL),(195,'18','123','2020-07-18 17:40:29','2020-07-18 18:47:29','67',NULL,NULL,NULL,NULL),(196,'19','334','2020-01-17 06:27:39','2020-01-17 11:39:39','312',NULL,NULL,NULL,NULL),(197,'26','235','2020-04-10 12:25:48','2020-04-10 15:35:48','190',NULL,NULL,NULL,NULL),(198,'80','58','2020-10-01 12:13:56','2020-10-01 16:43:56','270',NULL,NULL,NULL,NULL),(199,'78','2','2020-01-07 20:14:55','2020-01-07 22:20:55','126',NULL,NULL,NULL,NULL),(200,'74','330','2021-01-20 22:23:09','2021-01-21 07:58:09','575',NULL,NULL,NULL,NULL),(201,'53','415','2020-11-28 03:17:27','2020-11-28 05:06:27','109',NULL,NULL,NULL,NULL),(202,'50','193','2020-01-06 12:08:49','2020-01-06 16:39:49','271',NULL,NULL,NULL,NULL),(203,'31','41','2020-04-21 16:01:06','2020-04-21 23:00:06','419',NULL,NULL,NULL,NULL),(204,'55','248','2020-03-27 03:14:16','2020-03-27 06:58:16','224',NULL,NULL,NULL,NULL),(205,'49','31','2020-05-27 10:52:09','2020-05-27 19:35:09','523',NULL,NULL,NULL,NULL),(206,'33','33','2020-08-16 14:56:33','2020-08-16 18:10:33','194',NULL,NULL,NULL,NULL),(207,'59','113','2020-09-30 09:54:50','2020-09-30 16:12:50','378',NULL,NULL,NULL,NULL),(208,'9','19','2020-08-04 22:22:19','2020-08-05 01:15:19','173',NULL,NULL,NULL,NULL),(209,'16','420','2020-04-05 18:57:03','2020-04-05 23:34:03','277',NULL,NULL,NULL,NULL),(210,'65','289','2020-02-19 23:23:42','2020-02-20 05:06:42','343',NULL,NULL,NULL,NULL),(211,'24','474','2020-10-28 01:54:03','2020-10-28 08:31:03','397',NULL,NULL,NULL,NULL),(212,'44','31','2021-01-09 13:52:36','2021-01-09 23:33:36','581',NULL,NULL,NULL,NULL),(213,'41','419','2020-06-27 22:19:10','2020-06-28 02:35:10','256',NULL,NULL,NULL,NULL),(214,'47','310','2020-10-20 08:45:25','2020-10-20 14:55:25','370',NULL,NULL,NULL,NULL),(215,'29','263','2020-08-15 09:58:42','2020-08-15 10:17:42','19',NULL,NULL,NULL,NULL),(216,'16','290','2020-06-30 12:39:39','2020-06-30 16:43:39','244',NULL,NULL,NULL,NULL),(217,'9','173','2020-08-02 00:14:44','2020-08-02 01:33:44','79',NULL,NULL,NULL,NULL),(218,'15','459','2020-04-27 06:20:48','2020-04-27 08:37:48','137',NULL,NULL,NULL,NULL),(219,'14','190','2020-02-05 01:53:01','2020-02-05 04:08:01','135',NULL,NULL,NULL,NULL),(220,'63','108','2020-12-15 20:55:42','2020-12-16 00:47:42','232',NULL,NULL,NULL,NULL),(221,'60','137','2020-02-18 01:45:32','2020-02-18 10:38:32','533',NULL,NULL,NULL,NULL),(222,'57','18','2020-08-13 08:54:37','2020-08-13 17:18:37','504',NULL,NULL,NULL,NULL),(223,'47','410','2020-02-23 07:04:07','2020-02-23 15:45:07','521',NULL,NULL,NULL,NULL),(224,'49','47','2020-08-20 04:49:56','2020-08-20 10:11:56','322',NULL,NULL,NULL,NULL),(225,'27','128','2020-03-08 03:13:06','2020-03-08 10:59:06','466',NULL,NULL,NULL,NULL),(226,'34','39','2020-01-23 09:29:45','2020-01-23 10:47:45','78',NULL,NULL,NULL,NULL),(227,'31','443','2020-12-31 05:04:25','2020-12-31 14:06:25','542',NULL,NULL,NULL,NULL),(228,'25','58','2020-04-08 11:59:38','2020-04-08 20:50:38','531',NULL,NULL,NULL,NULL),(229,'68','146','2021-01-18 18:52:05','2021-01-18 19:32:05','40',NULL,NULL,NULL,NULL),(230,'19','184','2020-10-07 04:08:27','2020-10-07 08:56:27','288',NULL,NULL,NULL,NULL),(231,'80','139','2020-12-08 06:02:23','2020-12-08 07:23:23','81',NULL,NULL,NULL,NULL),(232,'53','295','2020-01-31 03:18:11','2020-01-31 10:41:11','443',NULL,NULL,NULL,NULL),(233,'16','276','2020-05-02 07:46:34','2020-05-02 13:57:34','371',NULL,NULL,NULL,NULL),(234,'10','57','2020-02-02 23:56:15','2020-02-03 08:51:15','535',NULL,NULL,NULL,NULL),(235,'29','85','2020-12-08 02:53:40','2020-12-08 05:03:40','130',NULL,NULL,NULL,NULL),(236,'56','322','2020-01-11 03:32:52','2020-01-11 10:44:52','432',NULL,NULL,NULL,NULL),(237,'63','137','2020-11-30 12:33:03','2020-11-30 19:30:03','417',NULL,NULL,NULL,NULL),(238,'82','256','2020-05-20 15:47:07','2020-05-20 20:42:07','295',NULL,NULL,NULL,NULL),(239,'41','219','2020-01-02 02:40:21','2020-01-02 10:21:21','461',NULL,NULL,NULL,NULL),(240,'2','102','2021-01-10 06:23:09','2021-01-10 08:15:09','112',NULL,NULL,NULL,NULL),(241,'17','31','2020-04-18 13:05:53','2020-04-18 19:42:53','397',NULL,NULL,NULL,NULL),(242,'16','248','2020-12-09 02:50:03','2020-12-09 10:09:03','439',NULL,NULL,NULL,NULL),(243,'2','339','2020-11-12 18:54:36','2020-11-12 21:42:36','168',NULL,NULL,NULL,NULL),(244,'51','490','2020-08-18 10:18:23','2020-08-18 12:22:23','124',NULL,NULL,NULL,NULL),(245,'35','104','2020-01-27 19:03:58','2020-01-27 23:04:58','241',NULL,NULL,NULL,NULL),(246,'38','158','2020-04-19 12:00:47','2020-04-19 20:16:47','496',NULL,NULL,NULL,NULL),(247,'57','140','2021-01-16 19:03:15','2021-01-16 21:57:15','174',NULL,NULL,NULL,NULL),(248,'38','370','2020-08-20 20:41:59','2020-08-21 03:53:59','432',NULL,NULL,NULL,NULL),(249,'82','52','2020-07-16 07:56:12','2020-07-16 16:42:12','526',NULL,NULL,NULL,NULL),(250,'16','272','2020-09-10 05:33:37','2020-09-10 11:25:37','352',NULL,NULL,NULL,NULL),(251,'64','476','2020-02-05 00:07:23','2020-02-05 00:56:23','49',NULL,NULL,NULL,NULL),(252,'52','98','2020-06-06 10:03:58','2020-06-06 18:39:58','516',NULL,NULL,NULL,NULL),(253,'58','39','2020-12-25 12:34:34','2020-12-25 15:25:34','171',NULL,NULL,NULL,NULL),(254,'55','184','2020-11-25 04:07:06','2020-11-25 13:51:06','584',NULL,NULL,NULL,NULL),(255,'35','119','2020-07-31 14:37:14','2020-07-31 14:47:14','10',NULL,NULL,NULL,NULL),(256,'72','245','2020-11-18 11:19:08','2020-11-18 12:28:08','69',NULL,NULL,NULL,NULL),(257,'68','490','2020-01-19 00:57:00','2020-01-19 02:39:00','102',NULL,NULL,NULL,NULL),(258,'79','346','2020-02-06 22:41:03','2020-02-07 08:11:03','570',NULL,NULL,NULL,NULL),(259,'22','408','2020-01-06 09:46:37','2020-01-06 14:23:37','277',NULL,NULL,NULL,NULL),(260,'75','69','2020-01-13 23:39:59','2020-01-13 23:55:59','16',NULL,NULL,NULL,NULL),(261,'35','438','2020-12-21 08:10:01','2020-12-21 15:18:01','428',NULL,NULL,NULL,NULL),(262,'75','335','2020-03-01 08:56:33','2020-03-01 12:10:33','194',NULL,NULL,NULL,NULL),(263,'40','367','2020-03-22 03:49:28','2020-03-22 08:50:28','301',NULL,NULL,NULL,NULL),(264,'76','54','2020-07-28 01:11:01','2020-07-28 07:06:01','355',NULL,NULL,NULL,NULL),(265,'58','25','2020-02-08 08:29:14','2020-02-08 17:41:14','552',NULL,NULL,NULL,NULL),(266,'20','32','2020-05-16 13:44:42','2020-05-16 18:44:42','300',NULL,NULL,NULL,NULL),(267,'38','250','2020-12-03 05:15:53','2020-12-03 05:16:53','1',NULL,NULL,NULL,NULL),(268,'45','183','2020-07-22 14:33:08','2020-07-22 23:54:08','561',NULL,NULL,NULL,NULL),(269,'82','168','2020-10-31 10:19:57','2020-10-31 13:08:57','169',NULL,NULL,NULL,NULL),(270,'78','436','2021-01-24 18:56:33','2021-01-24 23:48:33','292',NULL,NULL,NULL,NULL),(271,'52','90','2020-08-02 05:58:04','2020-08-02 12:23:04','385',NULL,NULL,NULL,NULL),(272,'44','230','2020-08-14 02:05:51','2020-08-14 06:24:51','259',NULL,NULL,NULL,NULL),(273,'60','424','2020-08-19 00:52:38','2020-08-19 06:01:38','309',NULL,NULL,NULL,NULL),(274,'22','171','2020-09-16 07:57:48','2020-09-16 16:16:48','499',NULL,NULL,NULL,NULL),(275,'12','362','2020-12-21 05:49:11','2020-12-21 11:23:11','334',NULL,NULL,NULL,NULL),(276,'16','333','2020-08-17 03:34:26','2020-08-17 06:20:26','166',NULL,NULL,NULL,NULL),(277,'10','2','2020-02-19 11:45:19','2020-02-19 18:47:19','422',NULL,NULL,NULL,NULL),(278,'69','289','2020-10-02 04:38:07','2020-10-02 05:45:07','67',NULL,NULL,NULL,NULL),(279,'79','281','2020-08-09 17:57:46','2020-08-10 01:58:46','481',NULL,NULL,NULL,NULL),(280,'44','206','2020-11-07 14:16:21','2020-11-07 21:02:21','406',NULL,NULL,NULL,NULL),(281,'26','361','2020-02-27 22:03:15','2020-02-28 03:58:15','355',NULL,NULL,NULL,NULL),(282,'61','180','2020-03-29 23:16:27','2020-03-30 01:55:27','159',NULL,NULL,NULL,NULL),(283,'2','369','2020-11-05 03:52:16','2020-11-05 08:23:16','271',NULL,NULL,NULL,NULL),(284,'22','210','2020-08-09 21:23:11','2020-08-09 23:49:11','146',NULL,NULL,NULL,NULL),(285,'42','45','2020-05-20 04:54:05','2020-05-20 12:39:05','465',NULL,NULL,NULL,NULL),(286,'80','211','2020-06-14 18:59:04','2020-06-15 00:50:04','351',NULL,NULL,NULL,NULL),(287,'23','59','2020-05-20 01:10:50','2020-05-20 10:07:50','537',NULL,NULL,NULL,NULL),(288,'70','200','2020-04-22 03:39:36','2020-04-22 06:43:36','184',NULL,NULL,NULL,NULL),(289,'12','343','2020-04-28 06:28:15','2020-04-28 10:30:15','242',NULL,NULL,NULL,NULL),(290,'1','306','2020-11-30 13:46:47','2020-11-30 21:02:47','436',NULL,NULL,NULL,NULL),(291,'4','209','2020-03-28 08:26:31','2020-03-28 15:59:31','453',NULL,NULL,NULL,NULL),(292,'34','133','2020-05-17 09:13:50','2020-05-17 10:15:50','62',NULL,NULL,NULL,NULL),(293,'5','467','2020-01-29 12:59:10','2020-01-29 22:37:10','578',NULL,NULL,NULL,NULL),(294,'37','196','2020-08-12 22:33:18','2020-08-12 23:11:18','38',NULL,NULL,NULL,NULL),(295,'10','450','2020-08-06 13:09:27','2020-08-06 17:58:27','289',NULL,NULL,NULL,NULL),(296,'60','64','2020-03-20 14:24:08','2020-03-20 19:11:08','287',NULL,NULL,NULL,NULL),(297,'26','429','2020-09-22 03:03:08','2020-09-22 10:40:08','457',NULL,NULL,NULL,NULL),(298,'69','231','2020-05-23 22:58:08','2020-05-24 08:27:08','569',NULL,NULL,NULL,NULL),(299,'34','459','2020-05-07 04:43:16','2020-05-07 07:27:16','164',NULL,NULL,NULL,NULL),(300,'82','296','2020-02-22 16:07:24','2020-02-22 20:44:24','277',NULL,NULL,NULL,NULL),(301,'9','167','2020-10-07 22:55:09','2020-10-08 08:39:09','584',NULL,NULL,NULL,NULL),(302,'57','204','2020-04-03 23:53:39','2020-04-04 02:00:39','127',NULL,NULL,NULL,NULL),(303,'49','242','2021-01-30 16:37:51','2021-01-30 21:17:51','280',NULL,NULL,NULL,NULL),(304,'60','131','2020-05-18 18:55:02','2020-05-19 02:30:02','455',NULL,NULL,NULL,NULL),(305,'30','108','2020-05-15 07:19:41','2020-05-15 15:47:41','508',NULL,NULL,NULL,NULL),(306,'74','480','2020-10-16 07:42:53','2020-10-16 15:06:53','444',NULL,NULL,NULL,NULL),(307,'69','97','2020-08-01 21:30:57','2020-08-01 22:56:57','86',NULL,NULL,NULL,NULL),(308,'16','349','2020-01-24 19:56:03','2020-01-25 00:01:03','245',NULL,NULL,NULL,NULL),(309,'32','279','2020-07-10 06:25:25','2020-07-10 06:59:25','34',NULL,NULL,NULL,NULL),(310,'51','142','2020-09-25 00:08:42','2020-09-25 01:30:42','82',NULL,NULL,NULL,NULL),(311,'76','61','2020-12-31 01:11:28','2020-12-31 04:28:28','197',NULL,NULL,NULL,NULL),(312,'72','114','2020-12-26 16:30:32','2020-12-27 00:07:32','457',NULL,NULL,NULL,NULL),(313,'54','70','2020-09-04 20:21:42','2020-09-05 01:18:42','297',NULL,NULL,NULL,NULL),(314,'36','484','2020-07-15 04:19:41','2020-07-15 13:12:41','533',NULL,NULL,NULL,NULL),(315,'38','427','2020-08-25 06:14:51','2020-08-25 10:27:51','253',NULL,NULL,NULL,NULL),(316,'22','9','2021-01-02 15:21:38','2021-01-02 18:17:38','176',NULL,NULL,NULL,NULL),(317,'81','253','2020-08-28 01:15:32','2020-08-28 04:06:32','171',NULL,NULL,NULL,NULL),(318,'42','435','2020-07-30 05:39:01','2020-07-30 13:37:01','478',NULL,NULL,NULL,NULL),(319,'58','147','2020-09-06 12:27:54','2020-09-06 20:54:54','507',NULL,NULL,NULL,NULL),(320,'61','251','2020-11-28 12:46:39','2020-11-28 13:27:39','41',NULL,NULL,NULL,NULL),(321,'20','445','2020-04-27 13:52:42','2020-04-27 22:08:42','496',NULL,NULL,NULL,NULL),(322,'48','476','2021-01-19 07:52:05','2021-01-19 10:00:05','128',NULL,NULL,NULL,NULL),(323,'24','264','2020-12-11 02:19:29','2020-12-11 09:05:29','406',NULL,NULL,NULL,NULL),(324,'7','491','2020-09-24 18:00:54','2020-09-25 03:09:54','549',NULL,NULL,NULL,NULL),(325,'60','476','2020-04-06 13:00:05','2020-04-06 21:40:05','520',NULL,NULL,NULL,NULL),(326,'27','131','2020-06-14 11:05:48','2020-06-14 11:38:48','33',NULL,NULL,NULL,NULL),(327,'6','196','2020-10-17 05:19:38','2020-10-17 13:46:38','507',NULL,NULL,NULL,NULL),(328,'4','239','2020-02-18 16:52:52','2020-02-18 21:29:52','277',NULL,NULL,NULL,NULL),(329,'6','134','2020-11-15 00:48:44','2020-11-15 07:34:44','406',NULL,NULL,NULL,NULL),(330,'18','165','2020-07-09 19:52:23','2020-07-09 20:24:23','32',NULL,NULL,NULL,NULL),(331,'46','310','2021-01-11 05:13:16','2021-01-11 08:30:16','197',NULL,NULL,NULL,NULL),(332,'9','441','2020-04-23 16:40:41','2020-04-23 21:43:41','303',NULL,NULL,NULL,NULL),(333,'26','365','2020-08-14 17:43:03','2020-08-14 23:42:03','359',NULL,NULL,NULL,NULL),(334,'39','435','2020-09-25 12:19:54','2020-09-25 16:37:54','258',NULL,NULL,NULL,NULL),(335,'54','418','2020-04-07 21:55:06','2020-04-08 03:10:06','315',NULL,NULL,NULL,NULL),(336,'5','274','2020-04-15 12:56:03','2020-04-15 12:57:03','1',NULL,NULL,NULL,NULL),(337,'20','137','2020-05-05 16:31:08','2020-05-06 02:09:08','578',NULL,NULL,NULL,NULL),(338,'5','401','2020-04-07 11:35:25','2020-04-07 14:47:25','192',NULL,NULL,NULL,NULL),(339,'36','176','2020-08-23 19:53:00','2020-08-24 02:59:00','426',NULL,NULL,NULL,NULL),(340,'3','157','2020-04-13 11:58:42','2020-04-13 14:16:42','138',NULL,NULL,NULL,NULL),(341,'76','416','2020-02-26 08:11:04','2020-02-26 16:42:04','511',NULL,NULL,NULL,NULL),(342,'71','189','2020-09-20 08:51:25','2020-09-20 18:51:25','600',NULL,NULL,NULL,NULL),(343,'42','120','2020-12-07 06:42:22','2020-12-07 14:39:22','477',NULL,NULL,NULL,NULL),(344,'15','218','2021-01-01 06:37:44','2021-01-01 07:02:44','25',NULL,NULL,NULL,NULL),(345,'40','68','2020-11-06 23:43:07','2020-11-07 07:32:07','469',NULL,NULL,NULL,NULL),(346,'20','115','2020-12-31 21:02:40','2020-12-31 21:15:40','13',NULL,NULL,NULL,NULL),(347,'6','210','2020-01-30 13:25:18','2020-01-30 15:07:18','102',NULL,NULL,NULL,NULL),(348,'73','27','2020-01-01 20:22:57','2020-01-01 21:48:57','86',NULL,NULL,NULL,NULL),(349,'17','122','2020-03-05 19:13:04','2020-03-05 20:18:04','65',NULL,NULL,NULL,NULL),(350,'35','329','2020-06-03 05:48:10','2020-06-03 06:03:10','15',NULL,NULL,NULL,NULL),(351,'47','281','2020-09-30 10:19:43','2020-09-30 17:01:43','402',NULL,NULL,NULL,NULL),(352,'56','34','2020-05-28 10:19:06','2020-05-28 16:29:06','370',NULL,NULL,NULL,NULL),(353,'12','190','2020-02-20 00:51:46','2020-02-20 07:26:46','395',NULL,NULL,NULL,NULL),(354,'2','438','2021-01-22 19:23:25','2021-01-22 23:30:25','247',NULL,NULL,NULL,NULL),(355,'31','476','2020-02-09 13:05:25','2020-02-09 17:44:25','279',NULL,NULL,NULL,NULL),(356,'29','486','2020-05-08 16:10:30','2020-05-08 23:46:30','456',NULL,NULL,NULL,NULL),(357,'41','302','2020-10-31 01:41:38','2020-10-31 04:03:38','142',NULL,NULL,NULL,NULL),(358,'71','302','2020-02-17 22:38:47','2020-02-18 03:47:47','309',NULL,NULL,NULL,NULL),(359,'21','371','2020-02-12 07:36:52','2020-02-12 09:22:52','106',NULL,NULL,NULL,NULL),(360,'15','165','2020-11-23 20:31:11','2020-11-23 21:33:11','62',NULL,NULL,NULL,NULL),(361,'2','119','2020-08-04 11:35:33','2020-08-04 17:14:33','339',NULL,NULL,NULL,NULL),(362,'75','242','2020-03-25 14:23:30','2020-03-25 22:06:30','463',NULL,NULL,NULL,NULL),(363,'9','11','2021-01-20 00:59:25','2021-01-20 10:19:25','560',NULL,NULL,NULL,NULL),(364,'73','170','2020-02-27 12:51:48','2020-02-27 17:33:48','282',NULL,NULL,NULL,NULL),(365,'47','466','2020-02-02 19:53:50','2020-02-03 02:55:50','422',NULL,NULL,NULL,NULL),(366,'30','303','2020-09-01 02:27:03','2020-09-01 05:46:03','199',NULL,NULL,NULL,NULL),(367,'71','185','2020-11-23 14:50:33','2020-11-23 18:36:33','226',NULL,NULL,NULL,NULL),(368,'34','385','2020-12-28 07:13:12','2020-12-28 08:08:12','55',NULL,NULL,NULL,NULL),(369,'22','438','2020-01-10 18:43:03','2020-01-11 01:32:03','409',NULL,NULL,NULL,NULL),(370,'35','156','2020-06-21 07:58:03','2020-06-21 16:36:03','518',NULL,NULL,NULL,NULL),(371,'9','470','2021-01-16 08:58:59','2021-01-16 16:51:59','473',NULL,NULL,NULL,NULL),(372,'71','157','2020-03-29 11:02:36','2020-03-29 20:13:36','551',NULL,NULL,NULL,NULL),(373,'41','123','2020-04-24 20:12:37','2020-04-24 22:21:37','129',NULL,NULL,NULL,NULL),(374,'60','56','2020-09-15 18:33:14','2020-09-15 23:44:14','311',NULL,NULL,NULL,NULL),(375,'20','241','2020-01-20 01:11:25','2020-01-20 10:17:25','546',NULL,NULL,NULL,NULL),(376,'43','444','2020-02-15 04:51:41','2020-02-15 14:00:41','549',NULL,NULL,NULL,NULL),(377,'74','296','2020-07-02 12:10:28','2020-07-02 21:11:28','541',NULL,NULL,NULL,NULL),(378,'1','253','2020-08-20 05:41:31','2020-08-20 13:26:31','465',NULL,NULL,NULL,NULL),(379,'20','89','2021-01-21 06:14:20','2021-01-21 16:09:20','595',NULL,NULL,NULL,NULL),(380,'74','428','2020-02-03 14:24:07','2020-02-03 17:43:07','199',NULL,NULL,NULL,NULL),(381,'63','71','2020-12-09 20:47:07','2020-12-10 01:39:07','292',NULL,NULL,NULL,NULL),(382,'33','237','2020-09-13 15:59:55','2020-09-13 22:07:55','368',NULL,NULL,NULL,NULL),(383,'80','191','2020-12-10 15:00:45','2020-12-10 22:35:45','455',NULL,NULL,NULL,NULL),(384,'50','244','2020-11-15 17:24:56','2020-11-15 17:43:56','19',NULL,NULL,NULL,NULL),(385,'82','68','2021-01-28 01:18:20','2021-01-28 04:43:20','205',NULL,NULL,NULL,NULL),(386,'76','442','2020-08-27 00:48:20','2020-08-27 08:26:20','458',NULL,NULL,NULL,NULL),(387,'15','167','2020-07-08 14:23:05','2020-07-08 23:47:05','564',NULL,NULL,NULL,NULL),(388,'28','13','2020-12-07 18:59:16','2020-12-07 19:09:16','10',NULL,NULL,NULL,NULL),(389,'18','442','2020-06-22 21:30:22','2020-06-23 00:52:22','202',NULL,NULL,NULL,NULL),(390,'54','243','2020-08-18 02:08:54','2020-08-18 06:49:54','281',NULL,NULL,NULL,NULL),(391,'59','252','2020-06-04 21:31:07','2020-06-05 02:56:07','325',NULL,NULL,NULL,NULL),(392,'37','290','2020-03-05 23:12:38','2020-03-06 04:37:38','325',NULL,NULL,NULL,NULL),(393,'21','129','2020-10-05 21:54:37','2020-10-06 07:27:37','573',NULL,NULL,NULL,NULL),(394,'16','59','2021-01-26 03:11:07','2021-01-26 10:37:07','446',NULL,NULL,NULL,NULL),(395,'34','27','2021-01-06 05:54:15','2021-01-06 14:00:15','486',NULL,NULL,NULL,NULL),(396,'63','345','2020-02-11 12:39:05','2020-02-11 19:55:05','436',NULL,NULL,NULL,NULL),(397,'10','377','2020-03-09 02:15:03','2020-03-09 03:26:03','71',NULL,NULL,NULL,NULL),(398,'46','115','2020-06-17 05:14:00','2020-06-17 10:30:00','316',NULL,NULL,NULL,NULL),(399,'82','259','2020-08-30 11:10:15','2020-08-30 11:19:15','9',NULL,NULL,NULL,NULL),(400,'49','391','2020-07-06 01:24:22','2020-07-06 02:11:22','47',NULL,NULL,NULL,NULL),(401,'61','485','2020-08-07 20:09:23','2020-08-08 03:06:23','417',NULL,NULL,NULL,NULL),(402,'76','160','2020-01-18 11:05:07','2020-01-18 11:25:07','20',NULL,NULL,NULL,NULL),(403,'23','498','2020-07-30 12:55:14','2020-07-30 16:44:14','229',NULL,NULL,NULL,NULL),(404,'26','361','2020-06-03 18:29:08','2020-06-04 04:06:08','577',NULL,NULL,NULL,NULL),(405,'10','17','2020-04-06 08:33:39','2020-04-06 13:49:39','316',NULL,NULL,NULL,NULL),(406,'61','272','2020-01-31 15:40:18','2020-01-31 17:44:18','124',NULL,NULL,NULL,NULL),(407,'67','382','2020-10-05 10:53:16','2020-10-05 16:51:16','358',NULL,NULL,NULL,NULL),(408,'17','476','2020-12-21 02:54:55','2020-12-21 08:20:55','326',NULL,NULL,NULL,NULL),(409,'35','413','2020-05-24 21:48:34','2020-05-25 05:06:34','438',NULL,NULL,NULL,NULL),(410,'10','338','2020-07-28 14:52:54','2020-07-28 19:45:54','293',NULL,NULL,NULL,NULL),(411,'53','483','2020-07-27 18:03:08','2020-07-27 22:04:08','241',NULL,NULL,NULL,NULL),(412,'57','275','2020-08-23 09:09:55','2020-08-23 17:05:55','476',NULL,NULL,NULL,NULL),(413,'43','108','2020-08-07 10:30:13','2020-08-07 19:23:13','533',NULL,NULL,NULL,NULL),(414,'76','359','2020-05-05 00:02:52','2020-05-05 02:02:52','120',NULL,NULL,NULL,NULL),(415,'62','21','2021-01-15 08:10:30','2021-01-15 11:19:30','189',NULL,NULL,NULL,NULL),(416,'82','401','2020-10-23 18:45:55','2020-10-23 21:58:55','193',NULL,NULL,NULL,NULL),(417,'39','134','2020-05-29 20:48:30','2020-05-29 22:05:30','77',NULL,NULL,NULL,NULL),(418,'73','431','2020-06-13 14:43:38','2020-06-13 18:19:38','216',NULL,NULL,NULL,NULL),(419,'9','9','2020-02-18 16:11:57','2020-02-18 18:34:57','143',NULL,NULL,NULL,NULL),(420,'60','148','2021-01-11 14:34:26','2021-01-11 19:15:26','281',NULL,NULL,NULL,NULL),(421,'50','250','2020-10-07 03:58:53','2020-10-07 04:38:53','40',NULL,NULL,NULL,NULL),(422,'65','178','2021-01-22 23:20:02','2021-01-23 01:59:02','159',NULL,NULL,NULL,NULL),(423,'18','384','2020-09-13 04:37:24','2020-09-13 13:09:24','512',NULL,NULL,NULL,NULL),(424,'42','62','2020-02-25 01:14:04','2020-02-25 11:04:04','590',NULL,NULL,NULL,NULL),(425,'27','246','2020-09-02 03:25:11','2020-09-02 12:14:11','529',NULL,NULL,NULL,NULL),(426,'8','118','2020-07-06 15:59:23','2020-07-06 22:00:23','361',NULL,NULL,NULL,NULL),(427,'18','476','2020-05-19 06:35:29','2020-05-19 13:23:29','408',NULL,NULL,NULL,NULL),(428,'21','320','2020-02-25 07:50:10','2020-02-25 10:56:10','186',NULL,NULL,NULL,NULL),(429,'24','283','2020-07-08 21:14:32','2020-07-09 03:10:32','356',NULL,NULL,NULL,NULL),(430,'52','358','2021-01-31 19:26:08','2021-01-31 22:51:08','205',NULL,NULL,NULL,NULL),(431,'37','135','2021-01-11 17:39:24','2021-01-11 22:15:24','276',NULL,NULL,NULL,NULL),(432,'72','189','2020-11-07 09:49:30','2020-11-07 10:44:30','55',NULL,NULL,NULL,NULL),(433,'48','435','2020-07-14 12:17:14','2020-07-14 19:22:14','425',NULL,NULL,NULL,NULL),(434,'67','310','2020-12-12 13:25:33','2020-12-12 16:43:33','198',NULL,NULL,NULL,NULL),(435,'17','57','2020-04-07 11:13:27','2020-04-07 14:05:27','172',NULL,NULL,NULL,NULL),(436,'52','472','2021-01-18 14:44:31','2021-01-18 19:03:31','259',NULL,NULL,NULL,NULL),(437,'16','115','2020-09-19 00:03:34','2020-09-19 06:41:34','398',NULL,NULL,NULL,NULL),(438,'62','385','2020-09-30 23:07:23','2020-10-01 06:48:23','461',NULL,NULL,NULL,NULL),(439,'21','256','2020-03-12 18:04:23','2020-03-12 20:12:23','128',NULL,NULL,NULL,NULL),(440,'32','71','2020-12-10 23:00:45','2020-12-11 05:45:45','405',NULL,NULL,NULL,NULL),(441,'15','217','2020-10-12 19:23:21','2020-10-13 00:08:21','285',NULL,NULL,NULL,NULL),(442,'80','152','2020-12-20 21:09:14','2020-12-20 23:38:14','149',NULL,NULL,NULL,NULL),(443,'62','460','2020-04-04 01:18:08','2020-04-04 09:33:08','495',NULL,NULL,NULL,NULL),(444,'33','367','2020-10-17 02:41:18','2020-10-17 09:07:18','386',NULL,NULL,NULL,NULL),(445,'51','461','2021-01-26 11:57:17','2021-01-26 18:29:17','392',NULL,NULL,NULL,NULL),(446,'48','248','2021-01-13 01:30:01','2021-01-13 04:56:01','206',NULL,NULL,NULL,NULL),(447,'8','376','2020-05-30 08:30:21','2020-05-30 09:18:21','48',NULL,NULL,NULL,NULL),(448,'1','171','2020-02-20 02:31:09','2020-02-20 08:22:09','351',NULL,NULL,NULL,NULL),(449,'26','5','2020-07-11 12:18:12','2020-07-11 19:09:12','411',NULL,NULL,NULL,NULL),(450,'33','162','2020-05-25 06:42:43','2020-05-25 09:18:43','156',NULL,NULL,NULL,NULL),(451,'64','374','2020-04-13 20:36:06','2020-04-14 06:16:06','580',NULL,NULL,NULL,NULL),(452,'16','143','2020-07-06 04:22:45','2020-07-06 08:13:45','231',NULL,NULL,NULL,NULL),(453,'5','258','2020-04-16 12:02:16','2020-04-16 13:28:16','86',NULL,NULL,NULL,NULL),(454,'49','382','2020-01-02 01:58:39','2020-01-02 03:34:39','96',NULL,NULL,NULL,NULL),(455,'52','127','2020-02-04 06:43:08','2020-02-04 07:35:08','52',NULL,NULL,NULL,NULL),(456,'7','145','2020-09-24 22:01:08','2020-09-25 03:11:08','310',NULL,NULL,NULL,NULL),(457,'47','332','2020-05-20 04:46:21','2020-05-20 10:58:21','372',NULL,NULL,NULL,NULL),(458,'74','360','2020-06-29 13:08:07','2020-06-29 21:28:07','500',NULL,NULL,NULL,NULL),(459,'52','214','2021-01-17 15:18:22','2021-01-17 18:16:22','178',NULL,NULL,NULL,NULL),(460,'42','196','2020-11-26 23:51:03','2020-11-27 08:08:03','497',NULL,NULL,NULL,NULL),(461,'82','37','2020-10-12 11:33:41','2020-10-12 15:46:41','253',NULL,NULL,NULL,NULL),(462,'35','28','2020-02-02 07:16:59','2020-02-02 11:49:59','273',NULL,NULL,NULL,NULL),(463,'77','212','2020-11-08 16:14:12','2020-11-08 16:32:12','18',NULL,NULL,NULL,NULL),(464,'81','438','2020-09-03 13:53:03','2020-09-03 19:10:03','317',NULL,NULL,NULL,NULL),(465,'53','358','2020-10-20 01:47:49','2020-10-20 04:08:49','141',NULL,NULL,NULL,NULL),(466,'27','260','2020-07-11 15:49:39','2020-07-11 17:42:39','113',NULL,NULL,NULL,NULL),(467,'23','122','2020-11-28 04:18:07','2020-11-28 06:28:07','130',NULL,NULL,NULL,NULL),(468,'16','442','2020-02-14 13:23:25','2020-02-14 22:06:25','523',NULL,NULL,NULL,NULL),(469,'44','166','2020-05-20 15:44:37','2020-05-20 19:47:37','243',NULL,NULL,NULL,NULL),(470,'14','264','2020-03-15 00:05:03','2020-03-15 01:56:03','111',NULL,NULL,NULL,NULL),(471,'70','104','2020-06-21 01:09:16','2020-06-21 09:20:16','491',NULL,NULL,NULL,NULL),(472,'9','386','2020-06-18 16:11:58','2020-06-19 01:24:58','553',NULL,NULL,NULL,NULL),(473,'80','358','2020-04-04 23:45:04','2020-04-04 23:50:04','5',NULL,NULL,NULL,NULL),(474,'31','118','2020-01-22 06:25:25','2020-01-22 06:44:25','19',NULL,NULL,NULL,NULL),(475,'82','370','2020-03-05 03:57:15','2020-03-05 12:40:15','523',NULL,NULL,NULL,NULL),(476,'32','396','2020-02-08 21:46:57','2020-02-09 02:24:57','278',NULL,NULL,NULL,NULL),(477,'28','130','2020-04-02 23:45:25','2020-04-03 06:55:25','430',NULL,NULL,NULL,NULL),(478,'24','100','2020-12-22 19:09:26','2020-12-23 04:17:26','548',NULL,NULL,NULL,NULL),(479,'3','164','2020-07-10 23:28:12','2020-07-11 03:32:12','244',NULL,NULL,NULL,NULL),(480,'65','341','2020-09-22 13:45:38','2020-09-22 17:20:38','215',NULL,NULL,NULL,NULL),(481,'65','122','2020-10-22 13:13:23','2020-10-22 15:36:23','143',NULL,NULL,NULL,NULL),(482,'31','472','2020-12-16 17:26:38','2020-12-16 21:46:38','260',NULL,NULL,NULL,NULL),(483,'2','20','2020-04-22 05:31:13','2020-04-22 09:09:13','218',NULL,NULL,NULL,NULL),(484,'19','330','2020-03-02 10:56:02','2020-03-02 12:47:02','111',NULL,NULL,NULL,NULL),(485,'39','95','2020-10-07 15:56:19','2020-10-07 22:42:19','406',NULL,NULL,NULL,NULL),(486,'9','477','2020-06-24 12:56:43','2020-06-24 19:07:43','371',NULL,NULL,NULL,NULL),(487,'67','20','2020-06-25 18:13:43','2020-06-26 02:12:43','479',NULL,NULL,NULL,NULL),(488,'36','240','2020-08-05 00:46:37','2020-08-05 06:32:37','346',NULL,NULL,NULL,NULL),(489,'34','2','2020-03-09 05:41:55','2020-03-09 10:46:55','305',NULL,NULL,NULL,NULL),(490,'47','73','2020-10-16 05:35:41','2020-10-16 08:10:41','155',NULL,NULL,NULL,NULL),(491,'37','251','2020-08-19 17:02:18','2020-08-20 00:22:18','440',NULL,NULL,NULL,NULL),(492,'71','110','2020-01-05 19:33:48','2020-01-05 23:07:48','214',NULL,NULL,NULL,NULL),(493,'26','161','2020-11-10 12:11:55','2020-11-10 18:26:55','375',NULL,NULL,NULL,NULL),(494,'26','457','2020-06-15 20:02:28','2020-06-16 04:07:28','485',NULL,NULL,NULL,NULL),(495,'6','111','2020-02-23 07:54:31','2020-02-23 11:08:31','194',NULL,NULL,NULL,NULL),(496,'5','415','2020-08-24 02:33:44','2020-08-24 12:07:44','574',NULL,NULL,NULL,NULL),(497,'81','148','2021-01-13 12:11:52','2021-01-13 21:56:52','585',NULL,NULL,NULL,NULL),(498,'18','257','2020-09-12 09:57:29','2020-09-12 14:37:29','280',NULL,NULL,NULL,NULL),(499,'54','67','2020-04-12 15:18:48','2020-04-13 00:59:48','581',NULL,NULL,NULL,NULL),(500,'35','48','2020-01-15 07:56:46','2020-01-15 11:12:46','196',NULL,NULL,NULL,NULL),(501,'30','283','2021-01-19 22:30:19','2021-01-20 06:02:19','452',NULL,NULL,NULL,NULL),(502,'60','91','2020-03-11 05:29:55','2020-03-11 12:05:55','396',NULL,NULL,NULL,NULL),(503,'62','164','2020-01-23 13:39:58','2020-01-23 20:17:58','398',NULL,NULL,NULL,NULL),(504,'45','138','2020-12-21 12:14:28','2020-12-21 21:53:28','579',NULL,NULL,NULL,NULL),(505,'38','18','2020-12-10 05:31:50','2020-12-10 09:11:50','220',NULL,NULL,NULL,NULL),(506,'1','10','2020-03-23 00:32:26','2020-03-23 03:02:26','150',NULL,NULL,NULL,NULL),(507,'49','435','2021-01-05 20:27:31','2021-01-05 22:07:31','100',NULL,NULL,NULL,NULL),(508,'78','276','2020-02-18 02:57:28','2020-02-18 06:58:28','241',NULL,NULL,NULL,NULL),(509,'31','147','2020-08-30 05:35:09','2020-08-30 14:28:09','533',NULL,NULL,NULL,NULL),(510,'17','90','2020-06-16 12:35:27','2020-06-16 18:32:27','357',NULL,NULL,NULL,NULL),(511,'22','105','2020-07-30 11:34:00','2020-07-30 19:01:00','447',NULL,NULL,NULL,NULL),(512,'26','170','2020-07-16 06:54:46','2020-07-16 10:09:46','195',NULL,NULL,NULL,NULL),(513,'54','14','2020-02-22 08:02:33','2020-02-22 18:02:33','600',NULL,NULL,NULL,NULL),(514,'70','437','2020-04-05 14:09:02','2020-04-05 23:12:02','543',NULL,NULL,NULL,NULL),(515,'81','278','2020-04-05 22:42:54','2020-04-06 06:25:54','463',NULL,NULL,NULL,NULL),(516,'4','12','2020-07-06 17:14:21','2020-07-06 21:17:21','243',NULL,NULL,NULL,NULL),(517,'3','380','2020-03-03 18:56:18','2020-03-04 02:56:18','480',NULL,NULL,NULL,NULL),(518,'78','73','2020-07-18 03:11:29','2020-07-18 03:15:29','4',NULL,NULL,NULL,NULL),(519,'63','473','2020-03-24 04:32:02','2020-03-24 11:53:02','441',NULL,NULL,NULL,NULL),(520,'32','175','2020-08-29 10:16:58','2020-08-29 13:37:58','201',NULL,NULL,NULL,NULL),(521,'55','91','2020-02-19 17:09:36','2020-02-19 18:13:36','64',NULL,NULL,NULL,NULL),(522,'45','415','2020-12-08 02:29:51','2020-12-08 12:09:51','580',NULL,NULL,NULL,NULL),(523,'71','419','2020-01-15 08:56:31','2020-01-15 11:35:31','159',NULL,NULL,NULL,NULL),(524,'23','180','2020-07-03 04:25:38','2020-07-03 09:30:38','305',NULL,NULL,NULL,NULL),(525,'26','384','2020-02-21 01:26:20','2020-02-21 03:43:20','137',NULL,NULL,NULL,NULL),(526,'44','104','2020-07-24 17:24:24','2020-07-25 01:01:24','457',NULL,NULL,NULL,NULL),(527,'63','14','2020-10-23 01:13:53','2020-10-23 09:03:53','470',NULL,NULL,NULL,NULL),(528,'36','49','2020-07-15 08:13:21','2020-07-15 11:07:21','174',NULL,NULL,NULL,NULL),(529,'41','484','2020-04-29 16:00:51','2020-04-29 18:05:51','125',NULL,NULL,NULL,NULL),(530,'6','389','2020-03-16 15:09:12','2020-03-16 18:25:12','196',NULL,NULL,NULL,NULL),(531,'1','432','2020-09-05 14:22:47','2020-09-05 17:38:47','196',NULL,NULL,NULL,NULL),(532,'23','249','2021-01-23 10:58:59','2021-01-23 12:25:59','87',NULL,NULL,NULL,NULL),(533,'35','425','2020-12-24 21:46:25','2020-12-25 04:44:25','418',NULL,NULL,NULL,NULL),(534,'28','483','2020-04-07 04:24:56','2020-04-07 06:34:56','130',NULL,NULL,NULL,NULL),(535,'15','175','2020-08-17 17:21:55','2020-08-18 02:58:55','577',NULL,NULL,NULL,NULL),(536,'44','125','2020-09-26 04:15:20','2020-09-26 11:24:20','429',NULL,NULL,NULL,NULL),(537,'61','359','2020-12-10 18:26:25','2020-12-11 03:59:25','573',NULL,NULL,NULL,NULL),(538,'76','108','2020-07-24 17:26:34','2020-07-24 23:37:34','371',NULL,NULL,NULL,NULL),(539,'40','345','2020-07-14 15:26:18','2020-07-15 00:35:18','549',NULL,NULL,NULL,NULL),(540,'51','118','2020-08-26 11:34:46','2020-08-26 11:51:46','17',NULL,NULL,NULL,NULL),(541,'71','442','2020-11-24 10:49:40','2020-11-24 15:32:40','283',NULL,NULL,NULL,NULL),(542,'35','121','2020-01-23 09:34:38','2020-01-23 10:36:38','62',NULL,NULL,NULL,NULL),(543,'40','141','2020-10-07 03:28:17','2020-10-07 11:51:17','503',NULL,NULL,NULL,NULL),(544,'79','83','2020-12-01 08:19:19','2020-12-01 16:39:19','500',NULL,NULL,NULL,NULL),(545,'48','244','2020-06-15 13:25:57','2020-06-15 19:20:57','355',NULL,NULL,NULL,NULL),(546,'34','347','2020-09-09 16:00:38','2020-09-09 22:11:38','371',NULL,NULL,NULL,NULL),(547,'62','200','2020-12-21 08:32:58','2020-12-21 15:55:58','443',NULL,NULL,NULL,NULL),(548,'14','67','2020-06-01 05:05:49','2020-06-01 09:51:49','286',NULL,NULL,NULL,NULL),(549,'38','59','2020-11-23 13:55:21','2020-11-23 16:00:21','125',NULL,NULL,NULL,NULL),(550,'48','480','2020-02-02 23:38:33','2020-02-03 05:59:33','381',NULL,NULL,NULL,NULL),(551,'60','147','2020-02-26 08:55:50','2020-02-26 09:59:50','64',NULL,NULL,NULL,NULL),(552,'80','276','2021-01-29 05:08:07','2021-01-29 06:13:07','65',NULL,NULL,NULL,NULL),(553,'61','478','2020-02-12 16:00:21','2020-02-12 23:01:21','421',NULL,NULL,NULL,NULL),(554,'30','90','2020-10-24 22:22:53','2020-10-25 02:26:53','244',NULL,NULL,NULL,NULL),(555,'10','152','2020-05-10 19:35:00','2020-05-11 02:02:00','387',NULL,NULL,NULL,NULL),(556,'9','441','2020-05-27 10:11:37','2020-05-27 19:15:37','544',NULL,NULL,NULL,NULL),(557,'63','245','2020-09-14 00:19:38','2020-09-14 04:10:38','231',NULL,NULL,NULL,NULL),(558,'23','433','2020-07-08 04:20:34','2020-07-08 06:55:34','155',NULL,NULL,NULL,NULL),(559,'32','237','2020-12-29 13:18:47','2020-12-29 17:26:47','248',NULL,NULL,NULL,NULL),(560,'56','125','2020-07-20 09:09:38','2020-07-20 11:53:38','164',NULL,NULL,NULL,NULL),(561,'17','102','2020-08-14 16:54:37','2020-08-14 22:28:37','334',NULL,NULL,NULL,NULL),(562,'2','72','2020-08-17 18:19:48','2020-08-17 19:29:48','70',NULL,NULL,NULL,NULL),(563,'77','211','2020-03-02 16:09:48','2020-03-02 16:38:48','29',NULL,NULL,NULL,NULL),(564,'32','258','2020-08-24 18:15:47','2020-08-25 00:18:47','363',NULL,NULL,NULL,NULL),(565,'80','148','2020-04-26 22:55:37','2020-04-27 03:19:37','264',NULL,NULL,NULL,NULL),(566,'68','157','2021-01-13 22:10:43','2021-01-14 06:44:43','514',NULL,NULL,NULL,NULL),(567,'22','495','2021-01-18 01:44:22','2021-01-18 06:24:22','280',NULL,NULL,NULL,NULL),(568,'65','54','2021-01-27 13:24:47','2021-01-27 18:37:47','313',NULL,NULL,NULL,NULL),(569,'9','283','2020-09-27 23:04:06','2020-09-28 01:13:06','129',NULL,NULL,NULL,NULL),(570,'38','43','2020-09-01 07:29:00','2020-09-01 09:24:00','115',NULL,NULL,NULL,NULL),(571,'32','219','2020-10-14 00:07:55','2020-10-14 05:25:55','318',NULL,NULL,NULL,NULL),(572,'6','385','2020-11-21 22:13:31','2020-11-22 06:54:31','521',NULL,NULL,NULL,NULL),(573,'1','60','2020-09-18 00:18:23','2020-09-18 02:22:23','124',NULL,NULL,NULL,NULL),(574,'78','61','2020-04-21 03:42:47','2020-04-21 10:20:47','398',NULL,NULL,NULL,NULL),(575,'12','423','2020-04-30 14:21:00','2020-04-30 19:53:00','332',NULL,NULL,NULL,NULL),(576,'28','357','2020-03-28 05:27:26','2020-03-28 11:27:26','360',NULL,NULL,NULL,NULL),(577,'70','127','2020-05-10 12:38:16','2020-05-10 13:21:16','43',NULL,NULL,NULL,NULL),(578,'10','268','2020-12-06 17:29:25','2020-12-06 23:02:25','333',NULL,NULL,NULL,NULL),(579,'53','279','2020-01-30 18:10:51','2020-01-31 00:02:51','352',NULL,NULL,NULL,NULL),(580,'64','425','2021-01-24 15:56:24','2021-01-25 01:44:24','588',NULL,NULL,NULL,NULL),(581,'51','343','2020-05-16 07:11:05','2020-05-16 14:35:05','444',NULL,NULL,NULL,NULL),(582,'78','322','2020-03-18 08:38:27','2020-03-18 18:15:27','577',NULL,NULL,NULL,NULL),(583,'58','358','2020-12-23 00:30:17','2020-12-23 05:19:17','289',NULL,NULL,NULL,NULL),(584,'57','165','2020-11-13 19:04:57','2020-11-14 03:00:57','476',NULL,NULL,NULL,NULL),(585,'68','492','2020-12-18 03:43:09','2020-12-18 05:12:09','89',NULL,NULL,NULL,NULL),(586,'1','274','2020-12-01 14:20:55','2020-12-01 19:40:55','320',NULL,NULL,NULL,NULL),(587,'40','60','2020-04-08 23:08:40','2020-04-09 07:19:40','491',NULL,NULL,NULL,NULL),(588,'65','238','2020-05-23 07:13:40','2020-05-23 17:04:40','591',NULL,NULL,NULL,NULL),(589,'12','46','2020-07-20 02:19:35','2020-07-20 09:57:35','458',NULL,NULL,NULL,NULL),(590,'1','398','2020-07-30 08:32:52','2020-07-30 15:43:52','431',NULL,NULL,NULL,NULL),(591,'47','88','2020-06-04 06:32:04','2020-06-04 11:11:04','279',NULL,NULL,NULL,NULL),(592,'61','164','2020-12-16 04:18:12','2020-12-16 13:11:12','533',NULL,NULL,NULL,NULL),(593,'2','198','2020-05-21 18:40:24','2020-05-21 21:03:24','143',NULL,NULL,NULL,NULL),(594,'39','22','2020-05-11 23:25:11','2020-05-12 01:27:11','122',NULL,NULL,NULL,NULL),(595,'30','495','2020-06-26 13:37:42','2020-06-26 22:44:42','547',NULL,NULL,NULL,NULL),(596,'64','44','2020-05-28 10:28:51','2020-05-28 14:05:51','217',NULL,NULL,NULL,NULL),(597,'42','362','2020-10-01 04:55:55','2020-10-01 08:44:55','229',NULL,NULL,NULL,NULL),(598,'26','273','2020-02-18 02:30:16','2020-02-18 05:07:16','157',NULL,NULL,NULL,NULL),(599,'59','181','2020-03-13 08:06:52','2020-03-13 09:45:52','99',NULL,NULL,NULL,NULL),(600,'25','296','2020-02-22 09:04:20','2020-02-22 11:34:20','150',NULL,NULL,NULL,NULL),(601,'8','30','2020-05-02 11:15:00','2020-05-02 14:42:00','207',NULL,NULL,NULL,NULL),(602,'21','153','2020-03-13 22:15:14','2020-03-14 05:34:14','439',NULL,NULL,NULL,NULL),(603,'63','185','2020-01-03 18:56:51','2020-01-03 22:55:51','239',NULL,NULL,NULL,NULL),(604,'2','108','2020-12-02 00:31:28','2020-12-02 01:00:28','29',NULL,NULL,NULL,NULL),(605,'36','83','2021-01-09 08:18:42','2021-01-09 09:02:42','44',NULL,NULL,NULL,NULL),(606,'28','163','2020-08-24 05:34:17','2020-08-24 06:45:17','71',NULL,NULL,NULL,NULL),(607,'57','94','2020-09-19 12:48:49','2020-09-19 21:18:49','510',NULL,NULL,NULL,NULL),(608,'75','491','2020-08-19 21:16:15','2020-08-20 02:26:15','310',NULL,NULL,NULL,NULL),(609,'8','357','2020-01-08 16:53:13','2020-01-08 21:15:13','262',NULL,NULL,NULL,NULL),(610,'45','452','2020-11-09 10:17:19','2020-11-09 18:19:19','482',NULL,NULL,NULL,NULL),(611,'56','102','2020-10-25 20:51:34','2020-10-26 02:24:34','333',NULL,NULL,NULL,NULL),(612,'12','259','2020-04-14 20:59:20','2020-04-15 05:33:20','514',NULL,NULL,NULL,NULL),(613,'31','455','2020-08-15 07:13:50','2020-08-15 14:48:50','455',NULL,NULL,NULL,NULL),(614,'68','136','2020-10-01 00:26:35','2020-10-01 07:15:35','409',NULL,NULL,NULL,NULL),(615,'10','365','2020-09-01 18:34:05','2020-09-02 02:18:05','464',NULL,NULL,NULL,NULL),(616,'60','127','2020-10-19 04:53:24','2020-10-19 06:38:24','105',NULL,NULL,NULL,NULL),(617,'80','45','2020-04-12 17:37:42','2020-04-13 01:40:42','483',NULL,NULL,NULL,NULL),(618,'65','93','2020-07-31 12:28:06','2020-07-31 19:40:06','432',NULL,NULL,NULL,NULL),(619,'74','420','2020-03-23 06:21:01','2020-03-23 06:22:01','1',NULL,NULL,NULL,NULL),(620,'63','117','2020-08-25 10:13:20','2020-08-25 13:54:20','221',NULL,NULL,NULL,NULL),(621,'25','119','2020-12-16 11:56:58','2020-12-16 17:36:58','340',NULL,NULL,NULL,NULL),(622,'11','479','2020-04-06 05:20:48','2020-04-06 11:23:48','363',NULL,NULL,NULL,NULL),(623,'63','476','2021-01-14 12:42:59','2021-01-14 15:23:59','161',NULL,NULL,NULL,NULL),(624,'23','295','2020-02-07 13:09:24','2020-02-07 15:26:24','137',NULL,NULL,NULL,NULL),(625,'42','412','2020-06-19 17:37:32','2020-06-20 03:37:32','600',NULL,NULL,NULL,NULL),(626,'43','170','2020-07-12 04:06:58','2020-07-12 08:29:58','263',NULL,NULL,NULL,NULL),(627,'32','174','2020-05-08 18:28:04','2020-05-09 02:43:04','495',NULL,NULL,NULL,NULL),(628,'70','202','2021-01-03 17:44:25','2021-01-03 22:21:25','277',NULL,NULL,NULL,NULL),(629,'4','202','2020-02-21 23:16:13','2020-02-22 00:19:13','63',NULL,NULL,NULL,NULL),(630,'43','391','2020-07-03 15:01:21','2020-07-03 23:39:21','518',NULL,NULL,NULL,NULL),(631,'33','486','2020-06-10 21:52:27','2020-06-11 04:57:27','425',NULL,NULL,NULL,NULL),(632,'64','166','2020-07-25 07:17:32','2020-07-25 13:52:32','395',NULL,NULL,NULL,NULL),(633,'75','160','2020-03-01 01:19:02','2020-03-01 08:01:02','402',NULL,NULL,NULL,NULL),(634,'73','432','2020-05-26 05:05:34','2020-05-26 13:01:34','476',NULL,NULL,NULL,NULL),(635,'57','49','2020-03-13 00:48:23','2020-03-13 09:15:23','507',NULL,NULL,NULL,NULL),(636,'36','271','2020-06-28 15:37:57','2020-06-29 00:22:57','525',NULL,NULL,NULL,NULL),(637,'76','450','2020-12-04 16:57:05','2020-12-04 18:44:05','107',NULL,NULL,NULL,NULL),(638,'46','333','2020-08-01 08:42:32','2020-08-01 12:08:32','206',NULL,NULL,NULL,NULL),(639,'12','107','2020-05-27 18:54:39','2020-05-28 00:42:39','348',NULL,NULL,NULL,NULL),(640,'7','466','2020-06-02 03:17:12','2020-06-02 09:31:12','374',NULL,NULL,NULL,NULL),(641,'29','124','2021-01-29 04:21:57','2021-01-29 04:55:57','34',NULL,NULL,NULL,NULL),(642,'29','234','2020-09-04 20:06:40','2020-09-05 01:10:40','304',NULL,NULL,NULL,NULL),(643,'73','481','2020-11-23 13:08:55','2020-11-23 19:39:55','391',NULL,NULL,NULL,NULL),(644,'5','97','2020-07-25 17:07:32','2020-07-26 01:12:32','485',NULL,NULL,NULL,NULL),(645,'23','330','2020-07-09 03:01:11','2020-07-09 10:01:11','420',NULL,NULL,NULL,NULL),(646,'25','407','2020-07-06 03:06:00','2020-07-06 10:27:00','441',NULL,NULL,NULL,NULL),(647,'34','384','2020-12-21 00:07:19','2020-12-21 02:16:19','129',NULL,NULL,NULL,NULL),(648,'15','253','2020-05-10 19:50:50','2020-05-11 04:30:50','520',NULL,NULL,NULL,NULL),(649,'56','183','2020-08-16 07:58:42','2020-08-16 11:43:42','225',NULL,NULL,NULL,NULL),(650,'50','77','2020-09-15 15:06:49','2020-09-15 19:43:49','277',NULL,NULL,NULL,NULL),(651,'37','320','2020-08-07 07:53:23','2020-08-07 13:53:23','360',NULL,NULL,NULL,NULL),(652,'76','334','2020-03-01 18:22:37','2020-03-02 03:46:37','564',NULL,NULL,NULL,NULL),(653,'49','83','2020-06-02 07:14:57','2020-06-02 16:27:57','553',NULL,NULL,NULL,NULL),(654,'64','197','2020-09-08 01:25:11','2020-09-08 08:08:11','403',NULL,NULL,NULL,NULL),(655,'13','311','2020-05-08 08:21:23','2020-05-08 10:23:23','122',NULL,NULL,NULL,NULL),(656,'63','499','2020-06-18 10:00:08','2020-06-18 15:20:08','320',NULL,NULL,NULL,NULL),(657,'58','425','2020-01-13 21:29:56','2020-01-14 01:06:56','217',NULL,NULL,NULL,NULL),(658,'36','336','2020-03-25 04:52:15','2020-03-25 10:12:15','320',NULL,NULL,NULL,NULL),(659,'32','340','2020-12-21 07:14:56','2020-12-21 07:34:56','20',NULL,NULL,NULL,NULL),(660,'81','201','2020-10-11 05:32:12','2020-10-11 12:24:12','412',NULL,NULL,NULL,NULL),(661,'59','8','2020-03-02 09:03:10','2020-03-02 15:19:10','376',NULL,NULL,NULL,NULL),(662,'75','216','2020-06-21 03:58:10','2020-06-21 10:43:10','405',NULL,NULL,NULL,NULL),(663,'61','70','2021-01-11 14:27:06','2021-01-12 00:18:06','591',NULL,NULL,NULL,NULL),(664,'36','46','2020-11-18 06:54:40','2020-11-18 14:40:40','466',NULL,NULL,NULL,NULL),(665,'25','453','2020-06-26 02:28:57','2020-06-26 09:50:57','442',NULL,NULL,NULL,NULL),(666,'8','463','2020-03-16 16:59:19','2020-03-17 01:33:19','514',NULL,NULL,NULL,NULL),(667,'40','435','2020-07-31 00:46:11','2020-07-31 01:26:11','40',NULL,NULL,NULL,NULL),(668,'29','202','2020-08-20 10:02:45','2020-08-20 18:10:45','488',NULL,NULL,NULL,NULL),(669,'41','399','2020-05-08 20:42:13','2020-05-08 23:50:13','188',NULL,NULL,NULL,NULL),(670,'22','44','2020-05-24 15:17:20','2020-05-25 00:28:20','551',NULL,NULL,NULL,NULL),(671,'42','460','2021-01-23 11:58:48','2021-01-23 18:17:48','379',NULL,NULL,NULL,NULL),(672,'64','322','2020-01-17 15:23:56','2020-01-18 00:37:56','554',NULL,NULL,NULL,NULL),(673,'33','179','2020-01-20 04:45:32','2020-01-20 06:23:32','98',NULL,NULL,NULL,NULL),(674,'66','391','2020-03-11 00:23:17','2020-03-11 04:27:17','244',NULL,NULL,NULL,NULL),(675,'58','148','2021-01-11 18:20:16','2021-01-12 03:19:16','539',NULL,NULL,NULL,NULL),(676,'48','490','2020-09-29 14:37:51','2020-09-29 23:49:51','552',NULL,NULL,NULL,NULL),(677,'51','64','2020-02-01 20:11:13','2020-02-02 04:35:13','504',NULL,NULL,NULL,NULL),(678,'76','168','2020-01-26 17:51:09','2020-01-26 20:50:09','179',NULL,NULL,NULL,NULL),(679,'80','400','2020-08-15 10:18:44','2020-08-15 19:23:44','545',NULL,NULL,NULL,NULL),(680,'31','110','2021-01-29 16:39:03','2021-01-29 20:59:03','260',NULL,NULL,NULL,NULL),(681,'80','44','2020-12-28 17:26:12','2020-12-29 01:39:12','493',NULL,NULL,NULL,NULL),(682,'43','430','2020-03-11 10:21:53','2020-03-11 16:17:53','356',NULL,NULL,NULL,NULL),(683,'45','354','2020-04-23 10:09:26','2020-04-23 19:11:26','542',NULL,NULL,NULL,NULL),(684,'76','185','2020-05-16 00:22:48','2020-05-16 07:07:48','405',NULL,NULL,NULL,NULL),(685,'54','252','2020-10-01 03:34:37','2020-10-01 13:31:37','597',NULL,NULL,NULL,NULL),(686,'42','285','2020-04-17 13:37:54','2020-04-17 17:52:54','255',NULL,NULL,NULL,NULL),(687,'1','498','2021-01-02 22:43:02','2021-01-03 01:36:02','173',NULL,NULL,NULL,NULL),(688,'16','101','2020-02-19 18:14:33','2020-02-19 22:20:33','246',NULL,NULL,NULL,NULL),(689,'70','309','2020-11-27 13:12:26','2020-11-27 15:19:26','127',NULL,NULL,NULL,NULL),(690,'67','82','2020-12-16 20:09:22','2020-12-17 00:51:22','282',NULL,NULL,NULL,NULL),(691,'18','470','2020-10-15 10:50:39','2020-10-15 18:57:39','487',NULL,NULL,NULL,NULL),(692,'63','88','2020-08-16 13:27:02','2020-08-16 17:26:02','239',NULL,NULL,NULL,NULL),(693,'30','445','2020-08-21 16:42:47','2020-08-21 20:59:47','257',NULL,NULL,NULL,NULL),(694,'15','281','2020-08-10 21:25:25','2020-08-11 04:13:25','408',NULL,NULL,NULL,NULL),(695,'66','260','2020-10-10 07:31:09','2020-10-10 11:04:09','213',NULL,NULL,NULL,NULL),(696,'39','5','2020-06-01 01:17:04','2020-06-01 08:30:04','433',NULL,NULL,NULL,NULL),(697,'58','413','2020-04-24 22:23:48','2020-04-25 03:43:48','320',NULL,NULL,NULL,NULL),(698,'55','464','2020-03-06 13:58:10','2020-03-06 21:29:10','451',NULL,NULL,NULL,NULL),(699,'21','264','2020-01-04 05:02:35','2020-01-04 14:28:35','566',NULL,NULL,NULL,NULL),(700,'47','200','2020-03-28 18:33:17','2020-03-28 19:19:17','46',NULL,NULL,NULL,NULL),(701,'69','10','2020-04-10 18:43:11','2020-04-10 22:26:11','223',NULL,NULL,NULL,NULL),(702,'74','345','2020-05-16 20:12:15','2020-05-16 21:31:15','79',NULL,NULL,NULL,NULL),(703,'19','148','2020-12-09 06:30:02','2020-12-09 12:21:02','351',NULL,NULL,NULL,NULL),(704,'37','34','2020-07-19 01:17:59','2020-07-19 04:12:59','175',NULL,NULL,NULL,NULL),(705,'34','133','2020-06-14 21:05:57','2020-06-15 00:46:57','221',NULL,NULL,NULL,NULL),(706,'69','253','2021-01-13 02:05:20','2021-01-13 04:58:20','173',NULL,NULL,NULL,NULL),(707,'39','156','2020-06-18 18:46:41','2020-06-18 21:56:41','190',NULL,NULL,NULL,NULL),(708,'48','306','2020-02-10 15:23:57','2020-02-10 23:19:57','476',NULL,NULL,NULL,NULL),(709,'10','370','2020-02-12 14:26:03','2020-02-12 15:02:03','36',NULL,NULL,NULL,NULL),(710,'17','234','2020-09-23 16:12:11','2020-09-23 21:21:11','309',NULL,NULL,NULL,NULL),(711,'73','497','2020-11-14 15:13:01','2020-11-14 22:10:01','417',NULL,NULL,NULL,NULL),(712,'6','408','2020-10-18 01:04:19','2020-10-18 03:36:19','152',NULL,NULL,NULL,NULL),(713,'15','456','2020-11-14 22:04:09','2020-11-15 01:29:09','205',NULL,NULL,NULL,NULL),(714,'55','161','2020-05-23 21:33:16','2020-05-24 01:15:16','222',NULL,NULL,NULL,NULL),(715,'75','86','2021-01-30 07:53:23','2021-01-30 10:42:23','169',NULL,NULL,NULL,NULL),(716,'43','274','2020-02-02 19:01:14','2020-02-02 19:17:14','16',NULL,NULL,NULL,NULL),(717,'4','114','2020-06-20 02:46:34','2020-06-20 03:33:34','47',NULL,NULL,NULL,NULL),(718,'61','83','2020-01-08 22:59:07','2020-01-09 04:02:07','303',NULL,NULL,NULL,NULL),(719,'34','32','2020-01-04 08:27:01','2020-01-04 15:07:01','400',NULL,NULL,NULL,NULL),(720,'39','274','2020-08-23 14:10:56','2020-08-23 17:48:56','218',NULL,NULL,NULL,NULL),(721,'44','117','2020-07-24 18:40:11','2020-07-24 23:47:11','307',NULL,NULL,NULL,NULL),(722,'16','442','2020-08-01 21:44:32','2020-08-02 03:46:32','362',NULL,NULL,NULL,NULL),(723,'28','443','2020-09-22 22:11:49','2020-09-23 05:53:49','462',NULL,NULL,NULL,NULL),(724,'1','203','2020-03-20 00:08:40','2020-03-20 02:14:40','126',NULL,NULL,NULL,NULL),(725,'29','49','2020-02-09 09:16:21','2020-02-09 16:16:21','420',NULL,NULL,NULL,NULL),(726,'78','115','2020-05-29 05:44:21','2020-05-29 11:00:21','316',NULL,NULL,NULL,NULL),(727,'13','362','2020-02-15 10:43:35','2020-02-15 20:00:35','557',NULL,NULL,NULL,NULL),(728,'34','459','2020-08-16 17:34:25','2020-08-16 20:53:25','199',NULL,NULL,NULL,NULL),(729,'3','443','2020-04-11 12:01:32','2020-04-11 19:55:32','474',NULL,NULL,NULL,NULL),(730,'47','272','2021-01-14 07:11:17','2021-01-14 15:17:17','486',NULL,NULL,NULL,NULL),(731,'42','38','2020-08-12 19:26:50','2020-08-13 00:21:50','295',NULL,NULL,NULL,NULL),(732,'17','160','2020-09-25 21:17:52','2020-09-26 02:15:52','298',NULL,NULL,NULL,NULL),(733,'7','2','2020-08-12 03:32:00','2020-08-12 05:53:00','141',NULL,NULL,NULL,NULL),(734,'40','232','2020-02-25 01:26:38','2020-02-25 01:52:38','26',NULL,NULL,NULL,NULL),(735,'61','282','2020-07-19 20:28:18','2020-07-20 00:51:18','263',NULL,NULL,NULL,NULL),(736,'20','417','2020-05-29 15:35:44','2020-05-29 16:27:44','52',NULL,NULL,NULL,NULL),(737,'66','465','2020-06-06 15:11:28','2020-06-06 22:59:28','468',NULL,NULL,NULL,NULL),(738,'66','247','2020-12-11 14:29:12','2020-12-11 21:17:12','408',NULL,NULL,NULL,NULL),(739,'37','424','2021-01-13 13:39:06','2021-01-13 17:05:06','206',NULL,NULL,NULL,NULL),(740,'20','101','2020-02-24 06:54:41','2020-02-24 12:12:41','318',NULL,NULL,NULL,NULL),(741,'67','126','2020-10-26 03:05:35','2020-10-26 12:13:35','548',NULL,NULL,NULL,NULL),(742,'6','393','2020-11-03 14:08:03','2020-11-03 20:32:03','384',NULL,NULL,NULL,NULL),(743,'43','296','2020-04-06 03:23:31','2020-04-06 08:05:31','282',NULL,NULL,NULL,NULL),(744,'48','86','2020-11-03 07:23:08','2020-11-03 13:36:08','373',NULL,NULL,NULL,NULL),(745,'19','133','2020-09-17 08:53:35','2020-09-17 09:01:35','8',NULL,NULL,NULL,NULL),(746,'6','12','2020-11-29 12:47:27','2020-11-29 13:19:27','32',NULL,NULL,NULL,NULL),(747,'5','91','2020-12-20 05:22:45','2020-12-20 06:12:45','50',NULL,NULL,NULL,NULL),(748,'39','85','2020-05-22 16:46:44','2020-05-22 22:55:44','369',NULL,NULL,NULL,NULL),(749,'39','180','2020-03-05 19:47:27','2020-03-06 02:42:27','415',NULL,NULL,NULL,NULL),(750,'75','497','2020-04-06 07:25:12','2020-04-06 09:16:12','111',NULL,NULL,NULL,NULL),(751,'6','248','2020-07-17 21:40:58','2020-07-17 21:48:58','8',NULL,NULL,NULL,NULL),(752,'35','8','2020-01-29 17:32:59','2020-01-29 22:34:59','302',NULL,NULL,NULL,NULL),(753,'52','184','2020-10-30 15:09:08','2020-10-30 20:20:08','311',NULL,NULL,NULL,NULL),(754,'69','241','2020-12-17 17:41:10','2020-12-18 00:41:10','420',NULL,NULL,NULL,NULL),(755,'11','20','2020-08-01 23:41:59','2020-08-02 05:55:59','374',NULL,NULL,NULL,NULL),(756,'58','292','2020-10-31 05:14:05','2020-10-31 10:27:05','313',NULL,NULL,NULL,NULL),(757,'25','469','2020-04-08 22:56:25','2020-04-09 05:11:25','375',NULL,NULL,NULL,NULL),(758,'12','481','2020-11-09 14:32:22','2020-11-10 00:25:22','593',NULL,NULL,NULL,NULL),(759,'37','399','2020-02-03 01:37:41','2020-02-03 04:42:41','185',NULL,NULL,NULL,NULL),(760,'10','177','2020-04-04 21:01:00','2020-04-05 05:48:00','527',NULL,NULL,NULL,NULL),(761,'73','494','2020-05-27 10:34:27','2020-05-27 12:29:27','115',NULL,NULL,NULL,NULL),(762,'9','396','2020-09-17 21:45:14','2020-09-18 02:03:14','258',NULL,NULL,NULL,NULL),(763,'57','296','2020-08-21 06:15:17','2020-08-21 08:54:17','159',NULL,NULL,NULL,NULL),(764,'73','102','2020-04-05 15:09:11','2020-04-05 19:14:11','245',NULL,NULL,NULL,NULL),(765,'13','437','2020-10-31 23:19:47','2020-11-01 03:18:47','239',NULL,NULL,NULL,NULL),(766,'66','386','2020-06-13 22:12:00','2020-06-13 22:56:00','44',NULL,NULL,NULL,NULL),(767,'5','453','2020-11-19 00:58:26','2020-11-19 08:52:26','474',NULL,NULL,NULL,NULL),(768,'66','239','2020-04-28 21:45:07','2020-04-28 23:56:07','131',NULL,NULL,NULL,NULL),(769,'5','26','2020-04-23 09:16:17','2020-04-23 18:50:17','574',NULL,NULL,NULL,NULL),(770,'14','69','2020-07-01 06:54:55','2020-07-01 12:58:55','364',NULL,NULL,NULL,NULL),(771,'37','290','2020-11-13 06:56:34','2020-11-13 13:50:34','414',NULL,NULL,NULL,NULL),(772,'70','336','2020-04-02 05:54:44','2020-04-02 11:12:44','318',NULL,NULL,NULL,NULL),(773,'13','74','2020-07-24 00:30:30','2020-07-24 09:37:30','547',NULL,NULL,NULL,NULL),(774,'4','88','2021-01-02 19:58:33','2021-01-02 22:09:33','131',NULL,NULL,NULL,NULL),(775,'43','203','2020-06-20 05:16:12','2020-06-20 13:58:12','522',NULL,NULL,NULL,NULL),(776,'52','84','2020-10-25 06:02:50','2020-10-25 10:26:50','264',NULL,NULL,NULL,NULL),(777,'76','2','2020-03-03 01:56:25','2020-03-03 05:31:25','215',NULL,NULL,NULL,NULL),(778,'43','393','2020-12-10 07:36:11','2020-12-10 10:57:11','201',NULL,NULL,NULL,NULL),(779,'49','492','2020-11-13 20:51:21','2020-11-14 06:19:21','568',NULL,NULL,NULL,NULL),(780,'4','83','2021-01-04 09:58:16','2021-01-04 13:05:16','187',NULL,NULL,NULL,NULL),(781,'14','392','2020-06-02 23:05:18','2020-06-03 08:06:18','541',NULL,NULL,NULL,NULL),(782,'80','437','2020-12-22 08:05:50','2020-12-22 17:08:50','543',NULL,NULL,NULL,NULL),(783,'72','75','2020-04-30 01:24:01','2020-04-30 02:34:01','70',NULL,NULL,NULL,NULL),(784,'51','46','2020-02-14 20:41:42','2020-02-14 22:19:42','98',NULL,NULL,NULL,NULL),(785,'10','491','2020-03-16 23:05:46','2020-03-17 05:12:46','367',NULL,NULL,NULL,NULL),(786,'3','380','2020-08-30 15:01:45','2020-08-30 20:59:45','358',NULL,NULL,NULL,NULL),(787,'15','340','2021-01-24 00:34:54','2021-01-24 09:36:54','542',NULL,NULL,NULL,NULL),(788,'65','325','2020-04-13 17:14:40','2020-04-13 21:01:40','227',NULL,NULL,NULL,NULL),(789,'51','372','2020-11-11 03:19:48','2020-11-11 09:33:48','374',NULL,NULL,NULL,NULL),(790,'29','88','2020-08-30 11:14:19','2020-08-30 17:06:19','352',NULL,NULL,NULL,NULL),(791,'59','144','2020-03-02 23:24:43','2020-03-03 08:00:43','516',NULL,NULL,NULL,NULL),(792,'39','162','2020-02-23 03:59:26','2020-02-23 12:50:26','531',NULL,NULL,NULL,NULL),(793,'25','181','2020-07-28 20:07:13','2020-07-28 20:16:13','9',NULL,NULL,NULL,NULL),(794,'73','361','2020-03-24 02:06:15','2020-03-24 11:51:15','585',NULL,NULL,NULL,NULL),(795,'12','181','2020-10-17 14:25:39','2020-10-17 17:56:39','211',NULL,NULL,NULL,NULL),(796,'82','292','2020-04-14 10:14:26','2020-04-14 17:10:26','416',NULL,NULL,NULL,NULL),(797,'60','243','2020-02-28 03:03:11','2020-02-28 04:28:11','85',NULL,NULL,NULL,NULL),(798,'42','330','2020-06-28 21:17:37','2020-06-29 00:01:37','164',NULL,NULL,NULL,NULL),(799,'37','392','2020-06-13 18:08:33','2020-06-13 23:57:33','349',NULL,NULL,NULL,NULL),(800,'40','107','2020-01-12 15:18:39','2020-01-12 23:53:39','515',NULL,NULL,NULL,NULL),(801,'15','321','2020-01-15 15:56:11','2020-01-15 19:49:11','233',NULL,NULL,NULL,NULL),(802,'7','334','2020-02-28 21:19:52','2020-02-29 05:39:52','500',NULL,NULL,NULL,NULL),(803,'34','138','2020-04-23 11:26:58','2020-04-23 14:55:58','209',NULL,NULL,NULL,NULL),(804,'47','415','2020-01-22 09:00:42','2020-01-22 17:30:42','510',NULL,NULL,NULL,NULL),(805,'25','397','2020-08-04 02:42:03','2020-08-04 11:29:03','527',NULL,NULL,NULL,NULL),(806,'34','260','2020-02-02 15:18:14','2020-02-02 19:19:14','241',NULL,NULL,NULL,NULL),(807,'48','345','2020-10-22 08:08:58','2020-10-22 13:26:58','318',NULL,NULL,NULL,NULL),(808,'27','157','2020-03-22 10:36:49','2020-03-22 19:13:49','517',NULL,NULL,NULL,NULL),(809,'23','60','2020-04-18 01:45:17','2020-04-18 04:52:17','187',NULL,NULL,NULL,NULL),(810,'46','456','2020-04-05 08:51:41','2020-04-05 14:56:41','365',NULL,NULL,NULL,NULL),(811,'50','269','2020-10-27 19:41:05','2020-10-27 23:52:05','251',NULL,NULL,NULL,NULL),(812,'35','86','2020-10-06 21:13:07','2020-10-07 03:39:07','386',NULL,NULL,NULL,NULL),(813,'35','401','2020-11-04 21:58:49','2020-11-04 22:22:49','24',NULL,NULL,NULL,NULL),(814,'65','439','2020-05-19 07:53:03','2020-05-19 15:46:03','473',NULL,NULL,NULL,NULL),(815,'25','75','2020-12-09 21:54:07','2020-12-10 01:35:07','221',NULL,NULL,NULL,NULL),(816,'43','226','2020-08-05 03:44:17','2020-08-05 09:43:17','359',NULL,NULL,NULL,NULL),(817,'42','307','2020-01-11 12:39:08','2020-01-11 19:38:08','419',NULL,NULL,NULL,NULL),(818,'25','284','2020-04-26 20:37:20','2020-04-27 05:54:20','557',NULL,NULL,NULL,NULL),(819,'18','495','2020-03-14 03:20:45','2020-03-14 12:59:45','579',NULL,NULL,NULL,NULL),(820,'78','430','2020-09-04 09:22:16','2020-09-04 15:24:16','362',NULL,NULL,NULL,NULL),(821,'77','290','2020-07-06 10:28:10','2020-07-06 14:42:10','254',NULL,NULL,NULL,NULL),(822,'31','346','2020-12-29 03:24:11','2020-12-29 12:46:11','562',NULL,NULL,NULL,NULL),(823,'70','133','2020-10-29 07:50:52','2020-10-29 11:24:52','214',NULL,NULL,NULL,NULL),(824,'32','79','2021-01-17 15:00:33','2021-01-18 00:48:33','588',NULL,NULL,NULL,NULL),(825,'3','94','2020-10-18 03:32:17','2020-10-18 07:14:17','222',NULL,NULL,NULL,NULL),(826,'38','198','2020-09-25 16:31:05','2020-09-25 22:53:05','382',NULL,NULL,NULL,NULL),(827,'62','76','2020-04-21 22:17:33','2020-04-22 07:06:33','529',NULL,NULL,NULL,NULL),(828,'34','445','2020-06-27 14:02:37','2020-06-27 15:05:37','63',NULL,NULL,NULL,NULL),(829,'11','291','2020-08-02 22:33:41','2020-08-03 06:28:41','475',NULL,NULL,NULL,NULL),(830,'12','157','2020-05-02 04:15:33','2020-05-02 13:07:33','532',NULL,NULL,NULL,NULL),(831,'75','379','2020-01-12 13:29:52','2020-01-12 20:53:52','444',NULL,NULL,NULL,NULL),(832,'72','261','2020-02-02 19:57:03','2020-02-02 23:26:03','209',NULL,NULL,NULL,NULL),(833,'13','396','2020-01-01 01:14:41','2020-01-01 05:54:41','280',NULL,NULL,NULL,NULL),(834,'67','37','2021-01-10 20:53:42','2021-01-11 05:01:42','488',NULL,NULL,NULL,NULL),(835,'63','132','2020-01-03 09:30:02','2020-01-03 11:24:02','114',NULL,NULL,NULL,NULL),(836,'42','473','2020-06-16 04:28:56','2020-06-16 10:27:56','359',NULL,NULL,NULL,NULL),(837,'12','464','2021-01-02 08:35:16','2021-01-02 15:35:16','420',NULL,NULL,NULL,NULL),(838,'79','343','2020-12-13 13:01:25','2020-12-13 20:56:25','475',NULL,NULL,NULL,NULL),(839,'48','473','2020-12-22 09:13:43','2020-12-22 12:32:43','199',NULL,NULL,NULL,NULL),(840,'71','314','2020-03-12 17:59:16','2020-03-13 01:20:16','441',NULL,NULL,NULL,NULL),(841,'9','422','2020-01-03 18:15:56','2020-01-03 20:25:56','130',NULL,NULL,NULL,NULL),(842,'28','242','2020-02-27 12:10:56','2020-02-27 20:17:56','487',NULL,NULL,NULL,NULL),(843,'74','38','2020-08-13 11:35:11','2020-08-13 19:42:11','487',NULL,NULL,NULL,NULL),(844,'38','111','2020-02-23 13:13:53','2020-02-23 15:08:53','115',NULL,NULL,NULL,NULL),(845,'9','480','2020-08-09 23:00:07','2020-08-10 06:43:07','463',NULL,NULL,NULL,NULL),(846,'50','385','2020-09-11 20:24:32','2020-09-11 23:02:32','158',NULL,NULL,NULL,NULL),(847,'63','102','2020-08-03 11:30:41','2020-08-03 12:05:41','35',NULL,NULL,NULL,NULL),(848,'7','157','2020-04-09 01:51:51','2020-04-09 04:46:51','175',NULL,NULL,NULL,NULL),(849,'29','333','2020-11-27 03:25:27','2020-11-27 06:05:27','160',NULL,NULL,NULL,NULL),(850,'52','12','2020-03-13 06:27:33','2020-03-13 06:30:33','3',NULL,NULL,NULL,NULL),(851,'80','486','2020-11-19 14:20:42','2020-11-19 16:11:42','111',NULL,NULL,NULL,NULL),(852,'66','155','2021-01-19 04:28:44','2021-01-19 07:22:44','174',NULL,NULL,NULL,NULL),(853,'49','374','2020-11-15 18:30:44','2020-11-16 01:47:44','437',NULL,NULL,NULL,NULL),(854,'35','152','2020-12-05 01:19:06','2020-12-05 09:36:06','497',NULL,NULL,NULL,NULL),(855,'41','266','2020-06-15 23:33:08','2020-06-16 01:23:08','110',NULL,NULL,NULL,NULL),(856,'23','224','2020-07-05 21:06:04','2020-07-05 21:49:04','43',NULL,NULL,NULL,NULL),(857,'57','472','2020-03-17 17:03:14','2020-03-18 02:14:14','551',NULL,NULL,NULL,NULL),(858,'39','330','2020-05-18 09:58:32','2020-05-18 19:07:32','549',NULL,NULL,NULL,NULL),(859,'59','240','2020-03-24 22:53:52','2020-03-25 07:27:52','514',NULL,NULL,NULL,NULL),(860,'49','253','2020-09-29 12:06:53','2020-09-29 15:16:53','190',NULL,NULL,NULL,NULL),(861,'71','212','2020-10-06 09:26:53','2020-10-06 14:35:53','309',NULL,NULL,NULL,NULL),(862,'9','443','2020-03-01 22:09:46','2020-03-01 22:37:46','28',NULL,NULL,NULL,NULL),(863,'15','415','2020-06-13 17:08:01','2020-06-14 02:11:01','543',NULL,NULL,NULL,NULL),(864,'70','166','2020-09-17 06:05:12','2020-09-17 14:30:12','505',NULL,NULL,NULL,NULL),(865,'34','406','2020-11-02 15:36:54','2020-11-02 17:12:54','96',NULL,NULL,NULL,NULL),(866,'35','401','2020-10-09 14:13:02','2020-10-09 14:42:02','29',NULL,NULL,NULL,NULL),(867,'41','121','2020-02-20 22:56:02','2020-02-21 06:47:02','471',NULL,NULL,NULL,NULL),(868,'54','269','2020-03-22 00:18:47','2020-03-22 08:50:47','512',NULL,NULL,NULL,NULL),(869,'67','381','2020-05-13 17:30:33','2020-05-13 22:24:33','294',NULL,NULL,NULL,NULL),(870,'58','86','2020-10-27 10:01:10','2020-10-27 15:46:10','345',NULL,NULL,NULL,NULL),(871,'58','320','2020-04-08 05:06:51','2020-04-08 12:01:51','415',NULL,NULL,NULL,NULL),(872,'58','388','2020-11-04 18:48:56','2020-11-04 20:26:56','98',NULL,NULL,NULL,NULL),(873,'25','460','2020-07-10 21:49:52','2020-07-11 05:47:52','478',NULL,NULL,NULL,NULL),(874,'2','67','2020-12-26 23:16:02','2020-12-27 07:54:02','518',NULL,NULL,NULL,NULL),(875,'12','68','2020-07-20 22:37:16','2020-07-20 23:11:16','34',NULL,NULL,NULL,NULL),(876,'70','314','2020-01-23 07:26:53','2020-01-23 14:52:53','446',NULL,NULL,NULL,NULL),(877,'16','337','2020-07-10 12:20:35','2020-07-10 18:02:35','342',NULL,NULL,NULL,NULL),(878,'51','431','2020-04-13 02:01:03','2020-04-13 08:58:03','417',NULL,NULL,NULL,NULL),(879,'64','59','2020-09-17 09:39:32','2020-09-17 11:57:32','138',NULL,NULL,NULL,NULL),(880,'76','127','2020-04-03 09:19:30','2020-04-03 15:31:30','372',NULL,NULL,NULL,NULL),(881,'39','390','2020-08-08 16:23:03','2020-08-08 17:22:03','59',NULL,NULL,NULL,NULL),(882,'20','420','2020-03-30 12:26:14','2020-03-30 14:25:14','119',NULL,NULL,NULL,NULL),(883,'19','255','2020-10-12 18:36:27','2020-10-12 21:48:27','192',NULL,NULL,NULL,NULL),(884,'13','100','2020-07-20 04:50:55','2020-07-20 05:05:55','15',NULL,NULL,NULL,NULL),(885,'23','326','2020-06-29 21:35:25','2020-06-30 00:37:25','182',NULL,NULL,NULL,NULL),(886,'45','324','2020-04-03 05:01:24','2020-04-03 07:32:24','151',NULL,NULL,NULL,NULL),(887,'6','241','2020-03-16 05:15:44','2020-03-16 09:11:44','236',NULL,NULL,NULL,NULL),(888,'50','340','2020-11-16 02:11:06','2020-11-16 03:17:06','66',NULL,NULL,NULL,NULL),(889,'44','20','2020-05-15 20:48:10','2020-05-16 04:27:10','459',NULL,NULL,NULL,NULL),(890,'28','260','2020-05-13 06:01:33','2020-05-13 08:07:33','126',NULL,NULL,NULL,NULL),(891,'66','51','2020-12-12 03:41:55','2020-12-12 03:53:55','12',NULL,NULL,NULL,NULL),(892,'22','339','2020-03-18 02:13:42','2020-03-18 06:57:42','284',NULL,NULL,NULL,NULL),(893,'71','211','2021-01-25 15:30:48','2021-01-25 22:34:48','424',NULL,NULL,NULL,NULL),(894,'53','200','2020-08-15 03:51:23','2020-08-15 09:40:23','349',NULL,NULL,NULL,NULL),(895,'13','290','2020-07-17 11:06:54','2020-07-17 18:14:54','428',NULL,NULL,NULL,NULL),(896,'61','477','2020-02-21 09:00:07','2020-02-21 16:46:07','466',NULL,NULL,NULL,NULL),(897,'60','71','2020-08-27 23:18:26','2020-08-28 08:24:26','546',NULL,NULL,NULL,NULL),(898,'81','188','2020-05-13 22:05:31','2020-05-13 23:53:31','108',NULL,NULL,NULL,NULL),(899,'76','398','2020-02-24 08:14:15','2020-02-24 15:52:15','458',NULL,NULL,NULL,NULL),(900,'20','386','2020-07-23 22:07:57','2020-07-24 05:56:57','469',NULL,NULL,NULL,NULL),(901,'22','253','2020-02-08 04:31:10','2020-02-08 09:23:10','292',NULL,NULL,NULL,NULL),(902,'81','468','2020-12-17 22:03:59','2020-12-18 01:46:59','223',NULL,NULL,NULL,NULL),(903,'39','311','2020-07-05 06:02:00','2020-07-05 09:22:00','200',NULL,NULL,NULL,NULL),(904,'39','382','2020-02-10 00:35:28','2020-02-10 06:06:28','331',NULL,NULL,NULL,NULL),(905,'36','374','2020-06-02 13:43:51','2020-06-02 14:01:51','18',NULL,NULL,NULL,NULL),(906,'42','294','2020-06-11 16:47:39','2020-06-11 20:55:39','248',NULL,NULL,NULL,NULL),(907,'46','81','2020-11-15 16:33:11','2020-11-15 19:01:11','148',NULL,NULL,NULL,NULL),(908,'39','411','2020-01-26 04:09:52','2020-01-26 11:44:52','455',NULL,NULL,NULL,NULL),(909,'56','138','2020-09-13 03:16:23','2020-09-13 10:59:23','463',NULL,NULL,NULL,NULL),(910,'21','336','2020-05-11 10:56:17','2020-05-11 13:51:17','175',NULL,NULL,NULL,NULL),(911,'6','485','2020-02-07 14:28:57','2020-02-07 16:17:57','109',NULL,NULL,NULL,NULL),(912,'14','199','2020-01-14 07:45:21','2020-01-14 10:20:21','155',NULL,NULL,NULL,NULL),(913,'31','147','2020-01-15 21:15:21','2020-01-15 23:38:21','143',NULL,NULL,NULL,NULL),(914,'28','143','2020-05-29 09:37:13','2020-05-29 10:07:13','30',NULL,NULL,NULL,NULL),(915,'82','198','2020-03-05 20:35:55','2020-03-06 05:49:55','554',NULL,NULL,NULL,NULL),(916,'65','190','2020-05-07 12:40:11','2020-05-07 20:12:11','452',NULL,NULL,NULL,NULL),(917,'10','2','2020-10-04 15:30:46','2020-10-04 17:56:46','146',NULL,NULL,NULL,NULL),(918,'79','305','2020-09-29 00:06:04','2020-09-29 04:17:04','251',NULL,NULL,NULL,NULL),(919,'3','296','2020-09-26 02:58:01','2020-09-26 10:04:01','426',NULL,NULL,NULL,NULL),(920,'53','124','2020-07-31 19:28:27','2020-08-01 02:45:27','437',NULL,NULL,NULL,NULL),(921,'31','144','2020-06-14 01:34:31','2020-06-14 02:13:31','39',NULL,NULL,NULL,NULL),(922,'19','75','2020-12-02 10:12:21','2020-12-02 14:01:21','229',NULL,NULL,NULL,NULL),(923,'41','18','2020-07-23 09:24:33','2020-07-23 17:37:33','493',NULL,NULL,NULL,NULL),(924,'28','397','2020-09-03 08:04:52','2020-09-03 12:18:52','254',NULL,NULL,NULL,NULL),(925,'28','473','2021-01-23 08:25:04','2021-01-23 15:00:04','395',NULL,NULL,NULL,NULL),(926,'63','198','2020-12-06 19:03:44','2020-12-06 22:11:44','188',NULL,NULL,NULL,NULL),(927,'13','207','2020-09-06 20:54:58','2020-09-07 01:27:58','273',NULL,NULL,NULL,NULL),(928,'21','328','2020-07-01 08:00:38','2020-07-01 17:50:38','590',NULL,NULL,NULL,NULL),(929,'75','215','2020-01-10 20:58:30','2020-01-11 00:27:30','209',NULL,NULL,NULL,NULL),(930,'56','226','2020-03-25 03:26:29','2020-03-25 05:27:29','121',NULL,NULL,NULL,NULL),(931,'77','278','2020-02-24 03:39:40','2020-02-24 04:17:40','38',NULL,NULL,NULL,NULL),(932,'64','59','2020-02-01 06:20:43','2020-02-01 11:14:43','294',NULL,NULL,NULL,NULL),(933,'3','179','2020-11-07 21:33:39','2020-11-08 03:49:39','376',NULL,NULL,NULL,NULL),(934,'7','185','2020-06-09 23:41:33','2020-06-10 08:13:33','512',NULL,NULL,NULL,NULL),(935,'72','375','2020-10-27 21:27:31','2020-10-28 03:46:31','379',NULL,NULL,NULL,NULL),(936,'49','178','2020-06-22 00:51:10','2020-06-22 10:36:10','585',NULL,NULL,NULL,NULL),(937,'57','491','2020-10-25 14:09:34','2020-10-25 18:56:34','287',NULL,NULL,NULL,NULL),(938,'59','129','2020-09-22 06:29:55','2020-09-22 10:26:55','237',NULL,NULL,NULL,NULL),(939,'48','148','2020-04-15 01:18:56','2020-04-15 05:40:56','262',NULL,NULL,NULL,NULL),(940,'31','444','2020-02-15 22:34:10','2020-02-16 07:03:10','509',NULL,NULL,NULL,NULL),(941,'65','41','2021-01-29 09:14:39','2021-01-29 13:53:39','279',NULL,NULL,NULL,NULL),(942,'50','43','2020-04-18 21:04:50','2020-04-19 05:18:50','494',NULL,NULL,NULL,NULL),(943,'58','66','2020-07-28 14:49:52','2020-07-28 21:44:52','415',NULL,NULL,NULL,NULL),(944,'74','253','2020-04-03 13:58:42','2020-04-03 23:44:42','586',NULL,NULL,NULL,NULL),(945,'31','307','2020-09-24 00:58:09','2020-09-24 02:30:09','92',NULL,NULL,NULL,NULL),(946,'43','230','2020-01-31 14:30:58','2020-01-31 18:15:58','225',NULL,NULL,NULL,NULL),(947,'71','296','2020-11-06 21:56:07','2020-11-06 22:31:07','35',NULL,NULL,NULL,NULL),(948,'75','153','2020-06-02 13:06:20','2020-06-02 22:33:20','567',NULL,NULL,NULL,NULL),(949,'15','130','2020-03-04 03:59:24','2020-03-04 09:48:24','349',NULL,NULL,NULL,NULL),(950,'31','300','2021-01-20 23:34:34','2021-01-21 07:45:34','491',NULL,NULL,NULL,NULL),(951,'70','284','2020-05-27 14:38:59','2020-05-27 18:05:59','207',NULL,NULL,NULL,NULL),(952,'15','433','2020-02-13 23:47:08','2020-02-14 08:14:08','507',NULL,NULL,NULL,NULL),(953,'57','469','2020-11-14 08:59:21','2020-11-14 15:11:21','372',NULL,NULL,NULL,NULL),(954,'4','285','2020-07-05 00:59:47','2020-07-05 02:03:47','64',NULL,NULL,NULL,NULL),(955,'28','157','2020-06-23 17:17:36','2020-06-23 23:22:36','365',NULL,NULL,NULL,NULL),(956,'34','115','2021-01-21 11:39:55','2021-01-21 14:48:55','189',NULL,NULL,NULL,NULL),(957,'42','132','2020-03-01 11:35:13','2020-03-01 21:17:13','582',NULL,NULL,NULL,NULL),(958,'58','17','2020-03-10 12:24:40','2020-03-10 14:14:40','110',NULL,NULL,NULL,NULL),(959,'26','424','2020-12-27 22:36:34','2020-12-28 00:30:34','114',NULL,NULL,NULL,NULL),(960,'57','196','2020-04-19 02:07:50','2020-04-19 08:48:50','401',NULL,NULL,NULL,NULL),(961,'33','194','2020-02-23 08:15:38','2020-02-23 16:43:38','508',NULL,NULL,NULL,NULL),(962,'76','165','2020-06-27 06:51:22','2020-06-27 15:06:22','495',NULL,NULL,NULL,NULL),(963,'82','186','2020-07-29 08:09:14','2020-07-29 11:49:14','220',NULL,NULL,NULL,NULL),(964,'62','168','2020-07-23 02:08:25','2020-07-23 04:43:25','155',NULL,NULL,NULL,NULL),(965,'26','73','2020-05-29 01:06:25','2020-05-29 04:10:25','184',NULL,NULL,NULL,NULL),(966,'65','310','2020-02-17 23:17:10','2020-02-18 01:21:10','124',NULL,NULL,NULL,NULL),(967,'11','80','2020-07-29 16:21:21','2020-07-30 00:04:21','463',NULL,NULL,NULL,NULL),(968,'58','380','2020-07-20 03:23:10','2020-07-20 06:43:10','200',NULL,NULL,NULL,NULL),(969,'40','160','2020-07-18 21:45:17','2020-07-18 22:34:17','49',NULL,NULL,NULL,NULL),(970,'44','264','2020-01-13 06:27:13','2020-01-13 12:36:13','369',NULL,NULL,NULL,NULL),(971,'32','139','2020-12-27 02:08:58','2020-12-27 05:15:58','187',NULL,NULL,NULL,NULL),(972,'57','36','2020-07-29 05:38:53','2020-07-29 12:50:53','432',NULL,NULL,NULL,NULL),(973,'31','78','2020-07-03 15:54:07','2020-07-03 16:38:07','44',NULL,NULL,NULL,NULL),(974,'63','266','2020-01-07 12:02:35','2020-01-07 16:18:35','256',NULL,NULL,NULL,NULL),(975,'9','162','2020-09-21 10:19:12','2020-09-21 15:16:12','297',NULL,NULL,NULL,NULL),(976,'82','37','2020-04-17 06:22:35','2020-04-17 15:06:35','524',NULL,NULL,NULL,NULL),(977,'23','261','2020-08-20 10:48:49','2020-08-20 13:38:49','170',NULL,NULL,NULL,NULL),(978,'82','236','2020-08-26 00:18:11','2020-08-26 07:13:11','415',NULL,NULL,NULL,NULL),(979,'18','205','2020-05-26 15:38:50','2020-05-26 22:58:50','440',NULL,NULL,NULL,NULL),(980,'60','60','2020-12-23 03:23:34','2020-12-23 11:03:34','460',NULL,NULL,NULL,NULL),(981,'27','4','2020-03-07 02:43:16','2020-03-07 07:30:16','287',NULL,NULL,NULL,NULL),(982,'31','161','2020-01-22 22:43:39','2020-01-22 23:32:39','49',NULL,NULL,NULL,NULL),(983,'42','474','2020-10-30 18:18:11','2020-10-31 00:11:11','353',NULL,NULL,NULL,NULL),(984,'55','445','2020-01-15 14:29:30','2020-01-15 17:01:30','152',NULL,NULL,NULL,NULL),(985,'32','339','2020-02-12 15:34:41','2020-02-12 22:04:41','390',NULL,NULL,NULL,NULL),(986,'32','414','2020-09-02 08:01:21','2020-09-02 14:17:21','376',NULL,NULL,NULL,NULL),(987,'3','444','2020-06-07 18:02:56','2020-06-08 00:29:56','387',NULL,NULL,NULL,NULL),(988,'23','194','2020-11-05 11:44:37','2020-11-05 17:20:37','336',NULL,NULL,NULL,NULL),(989,'13','91','2020-12-06 23:55:20','2020-12-07 03:31:20','216',NULL,NULL,NULL,NULL),(990,'12','349','2020-10-04 00:00:59','2020-10-04 09:58:59','598',NULL,NULL,NULL,NULL),(991,'78','455','2020-07-17 10:47:52','2020-07-17 12:40:52','113',NULL,NULL,NULL,NULL),(992,'77','58','2020-08-10 21:49:18','2020-08-10 23:35:18','106',NULL,NULL,NULL,NULL),(993,'48','40','2020-05-10 15:05:26','2020-05-10 21:05:26','360',NULL,NULL,NULL,NULL),(994,'11','482','2020-06-22 21:18:49','2020-06-23 03:48:49','390',NULL,NULL,NULL,NULL),(995,'69','496','2020-01-03 19:51:33','2020-01-03 22:02:33','131',NULL,NULL,NULL,NULL),(996,'31','169','2020-05-01 02:59:16','2020-05-01 10:54:16','475',NULL,NULL,NULL,NULL),(997,'26','209','2020-12-30 06:56:01','2020-12-30 13:07:01','371',NULL,NULL,NULL,NULL),(998,'46','469','2020-09-24 07:53:11','2020-09-24 17:44:11','591',NULL,NULL,NULL,NULL),(999,'16','40','2020-01-11 10:20:08','2020-01-11 10:55:08','35',NULL,NULL,NULL,NULL),(1000,'21','331','2021-01-19 10:45:12','2021-01-19 15:51:12','306',NULL,NULL,NULL,NULL);
/*!40000 ALTER TABLE `pay_info` ENABLE KEYS */;
UNLOCK TABLES;
/*!40103 SET TIME_ZONE=@OLD_TIME_ZONE */;

/*!40101 SET SQL_MODE=@OLD_SQL_MODE */;
/*!40014 SET FOREIGN_KEY_CHECKS=@OLD_FOREIGN_KEY_CHECKS */;
/*!40014 SET UNIQUE_CHECKS=@OLD_UNIQUE_CHECKS */;
/*!40101 SET CHARACTER_SET_CLIENT=@OLD_CHARACTER_SET_CLIENT */;
/*!40101 SET CHARACTER_SET_RESULTS=@OLD_CHARACTER_SET_RESULTS */;
/*!40101 SET COLLATION_CONNECTION=@OLD_COLLATION_CONNECTION */;
/*!40111 SET SQL_NOTES=@OLD_SQL_NOTES */;

-- Dump completed on 2021-02-05 14:59:13
