,ID,UserName,Password,renttime,Tel,Bankcard,usertype,Balance,uGPSx,uGPSy,uarea,email
0,1001,lili,123456,500,12345678,234565432,0,,,,,
1,1002,peter,123456,100,2345432,557754432,0,,,,,
2,1003,alex,234543,200,32445,55456543,1,,,,,
3,1006,qwerty,123321,300,45464,577578,1,,,,,
4,1007,coco,123456,200,7564,123456,0,,,,,
5,1008,yichen,123456,600,123456,323445,1,,,,,
6,1009,eee,123321,50,433,12323,1,,,,,
7,1010,zzzhh,123123,100,3435435,5435246,1,,,,,
8,1011,Logan Johnson,abc312#,26,64068664,9421436621966,1,89,55.9112990001,-4.0543138613,C,edc147$@hotmail.com
9,1012,Daniel Miller,abc147%,91,92059134,9653638072793,0,100,55.8281983101,-4.1364264401,E,edc741!@gmail.com
10,1013,Elijah Smith,asd741@,36,75783286,2623318297073,0,15,55.9288452493,-4.2129434537,B,zxc258%@mail.com
11,1014,Michael Johnson,wasd312%,73,41019418,1638651530379,1,48,55.9345108064,-4.1002730767,C,wsx258!!@hotmail.com
12,1015,Jackson Scott,qwe5678!,77,66975687,5645053713651,1,60,55.8460925517,-4.2350034831,D,wsx741$@msn.com
13,1016,Jack Smith,asd1234!,97,13050231,8912403101219,0,19,55.9330136655,-4.1660274622,B,wsx147!!@msn.com
14,1017,Henry Scott,zxc258!,71,84760551,4251687653966,1,20,55.9427399393,-4.1108800357,C,wsx1234#@mail.com
15,1018,Michael Taylor,asd741!!,60,27962448,1479236357404,0,7,55.9327535683,-4.0659897613,C,wsx312#@gmail.com
16,1019,Jackson Smith,asd5678%,66,91854794,4417166801522,0,69,55.86108864,-4.2362939856,A,wsx1234%@outlook.com
17,1020,Benjamin Williams,qwe147%,74,26993663,8867560949739,0,43,55.8915820081,-4.1714446283,A,wsx147!@msn.com
18,1021,Ethan Walker,wasd147!,16,14373925,6096459145874,0,53,55.8790668929,-4.0353043945,E,abc147$@hotmail.com
19,1022,Elijah Smith,wasd258@,94,52688349,6681402932739,0,25,55.8160692492,-4.3016436978,D,zxc258!@outlook.com
20,1023,Alexander Brown,asd5678@,52,35329008,3251672040943,0,25,55.8248688395,-4.148571754,E,qaz1234%@hotmail.com
21,1024,Oliver Moore,zxc147@,22,49464314,6091531632164,1,47,55.889303371,-4.250077312,A,edc147$@hotmail.com
22,1025,Benjamin King,qwe147!!,28,75226809,3208976470280,1,15,55.8124617725,-4.0395535273,E,wsx312#@gmail.com
23,1026,Jackson Taylor,zxc258@,13,46843305,9744477501908,3,21,55.9460565743,-4.3029224098,B,qaz5678$@outlook.com
24,1027,James Miller,asd5678!,30,38668941,4293918407582,2,67,55.8201459686,-4.2509107755,D,wsx312#@gmail.com
25,1028,Henry Davis,wasd741!!,59,17402274,8814115913319,3,20,55.9332717892,-4.019250957,C,zxc312%@hotmail.com
26,1029,James Taylor,wasd1234$,49,51384071,3577189143776,0,63,55.8693008402,-4.2680998767,D,abc741#@hotmail.com
27,1030,Daniel Moore,zxc741$,32,69414861,1239926375359,0,55,55.8227219233,-4.188332772,D,edc312$@mail.com
28,1031,Logan Martin,qwe5678!,16,11853316,8262816015014,0,91,55.9156513116,-4.1073884017,C,abc147!!@gmail.com
29,1032,Elijah Clark,abc312!!,90,90074067,7697554899585,0,75,55.8549501233,-4.2654744997,D,qaz258#@gmail.com
30,1033,Elijah King,asd312!!,15,73363433,7665123503062,1,36,55.9339574513,-4.2742163868,B,zxc258!@outlook.com
31,1034,Noah Moore,wasd1234#,26,53219453,8701292314779,2,19,55.8578532943,-4.0512041191,E,zxc258!!@hotmail.com
32,1035,Jacob Scott,asd1234!!,68,87318579,1136719900226,0,8,55.8595797878,-4.1965900758,A,qaz741!!@mail.com
33,1036,Sebastian Martin,abc741%,40,31005429,4558508467258,0,60,55.9456678965,-4.1276915345,C,zxc258!@outlook.com
34,1037,Lucas Johnson,qwe5678%,50,48891028,4015370727441,0,82,55.9127773991,-4.12166151,C,wsx741!@msn.com
35,1038,Sebastian Miller,qwe147#,55,71212185,8906033992231,1,26,55.8860143266,-4.2648713192,B,edc741$@hotmail.com
36,1039,Michael King,asd147#,12,37135370,8797184986179,0,60,55.8529612021,-4.2446070099,A,edc5678!!@msn.com
37,1040,Michael Williams,asd147%,58,11938798,3774166623392,0,95,55.8885382353,-4.2178108821,A,edc258!@mail.com
38,1041,Sebastian King,qwe312!,66,68022922,5221361988770,0,81,55.8434482535,-4.259011028,D,edc147!@mail.com
39,1042,Noah Clark,zxc258!,53,32767861,1715311769489,0,94,55.9248377642,-4.0220780457,C,edc1234#@msn.com
40,1043,James Scott,asd1234@,67,61236564,9715286351433,0,95,55.8148902024,-4.0065265098,E,edc312$@outlook.com
41,1044,Liam Smith,zxc258@,100,83033861,3697589904369,0,0,55.8458961318,-4.201141527,D,edc741!@gmail.com
42,1045,Jacob Clark,wasd5678$,50,64807270,7128839510625,2,33,55.8944821993,-4.078481781,C,qaz258!!@outlook.com
43,1046,Jack Williams,abc258!!,4,91085964,1398329161480,0,83,55.9236676065,-4.1717328334,B,zxc312%@hotmail.com
44,1047,Logan Walker,asd312!!,52,42879530,4786390566353,1,54,55.9017017213,-4.1258188444,C,zxc1234$@hotmail.com
45,1048,Oliver Miller,asd5678%,34,43778579,3422612478661,0,41,55.932166453,-4.1684184928,B,wsx147!@gmail.com
46,1049,Benjamin Walker,wasd1234#,38,70111502,4030579409001,0,100,55.8234464066,-4.275504252,D,edc741!!@msn.com
47,1050,Benjamin Davis,wasd5678%,28,55701114,5154998539739,3,26,55.83585293,-4.038419715,E,zxc312!@gmail.com
48,1051,James Smith,wasd1234#,72,68082937,3900069886347,0,81,55.9239602777,-4.0553043605,C,qaz258!!@outlook.com
49,1052,Liam Moore,asd741!!,65,15483208,1864733478926,0,61,55.8318607759,-4.2932816809,D,edc312$@outlook.com
50,1053,Alexander Scott,asd1234!!,91,93981487,4822018892746,0,90,55.9166714864,-4.1062317195,C,qaz312!@mail.com
51,1054,Noah Johnson,abc5678!!,45,37636364,1576709459088,0,69,55.8269318638,-4.1580816608,D,zxc741!!@msn.com
52,1055,Oliver Martin,asd741$,70,91468341,5358456817723,2,51,55.9381084904,-4.2905185258,B,edc741!!@mail.com
53,1056,Elijah King,zxc1234#,18,39170213,8847123063763,3,41,55.9455838254,-4.0899064057,C,qaz5678%@gmail.com
54,1057,Sebastian Martin,zxc258!,20,47112319,1270267568108,1,24,55.9330442171,-4.2997685452,B,zxc5678#@hotmail.com
55,1058,Michael Brown,qwe258#,33,87955755,7528969154751,1,2,55.8616612164,-4.0654166038,E,zxc258!@outlook.com
56,1059,Sebastian Clark,wasd258@,65,24091171,4667080243615,0,34,55.8716486249,-4.0322302003,E,abc147$@hotmail.com
57,1060,Ethan King,qwe312%,63,89382198,7930456117564,0,54,55.9109197011,-4.273623939,B,qaz147$@mail.com
58,1061,Jacob Taylor,abc258!!,16,33733654,8269170296494,0,55,55.839156603,-4.0673195255,E,wsx741!@msn.com
59,1062,James Smith,abc258!!,6,25540913,8458994054756,0,47,55.8483218499,-4.2824996953,D,edc5678!@gmail.com
60,1063,Henry Moore,asd741!!,55,61960090,5056014439718,2,50,55.9348873005,-4.0396370327,C,edc741!!@mail.com
61,1064,Jackson King,zxc258!,80,21548038,2738365546932,3,92,55.9242250144,-4.0204206481,C,zxc258%@mail.com
62,1065,James Smith,asd258%,81,90951659,9661690265427,3,80,55.8307429394,-4.2060626726,D,wsx312!@gmail.com
63,1066,James King,wasd147#,48,78686804,2287319646221,1,36,55.8514581856,-4.1856099149,A,qaz312!@mail.com
64,1067,Oliver Williams,qwe258#,98,66838680,9868618702288,1,17,55.9491070198,-4.307749285,B,wsx741!@gmail.com
65,1068,Mason Brown,asd258%,86,79602672,7055900468075,1,8,55.8582053828,-4.2543458286,A,wsx147!!@msn.com
66,1069,Daniel Clark,abc5678!,75,76219003,4563372363792,0,17,55.926352928,-4.0681013734,C,edc1234#@gmail.com
67,1070,Ethan Moore,zxc258#,72,87503175,2079078295911,3,12,55.885935779,-4.0174585696,C,wsx5678!@mail.com
68,1071,Noah Davis,qwe5678%,77,38148490,9979062847910,0,18,55.8724651973,-4.0763024381,E,wsx5678!!@hotmail.com
69,1072,Daniel Davis,wasd1234#,78,41616036,5548492073696,0,15,55.9318531198,-4.1004929173,C,edc5678!@gmail.com
70,1073,Ethan Taylor,abc741$,45,38509782,5092033207698,0,83,55.8533716266,-4.189523546,A,wsx1234#@mail.com
71,1074,Logan King,abc741%,16,66773419,7685282756527,1,84,55.8560037675,-4.1312879208,E,zxc1234$@hotmail.com
72,1075,Liam Walker,wasd741!!,72,48019661,6501176731223,3,30,55.8876014262,-4.1415237025,C,zxc5678%@gmail.com
73,1076,Jacob Martin,zxc258!,82,16436540,2889870347055,1,29,55.8429286472,-4.0748244177,E,zxc741$@outlook.com
74,1077,Mason Walker,qwe1234!!,65,66509245,4186184258741,1,94,55.89204737,-4.1719966204,A,qaz147%@msn.com
75,1078,Sebastian Scott,asd5678!!,89,41215036,1687989505361,3,64,55.9072199105,-4.003355933,C,wsx312#@hotmail.com
76,1079,Jacob Miller,wasd258$,93,21453005,9116011517046,2,38,55.8249023016,-4.3088638069,D,abc741$@msn.com
77,1080,Jacob Moore,abc741$,68,33048012,3052643518481,0,19,55.949669227,-4.2418009187,B,wsx5678!!@msn.com
78,1081,Liam Smith,abc312%,32,72729649,1516887297507,1,20,55.8578587742,-4.0154295232,E,zxc312$@gmail.com
79,1082,Daniel King,zxc258@,42,25753332,8096357211982,1,69,55.8460584692,-4.0774223833,E,zxc147!!@mail.com
80,1083,James Taylor,wasd1234#,73,72494908,5039988393270,1,40,55.8587696755,-4.1116991727,E,qaz5678%@gmail.com
81,1084,Daniel Moore,qwe5678%,27,16204158,2768454102539,0,34,55.8599794608,-4.171257514,A,edc5678%@gmail.com
82,1085,Oliver Davis,wasd1234@,6,15698535,4158028320608,0,5,55.8775358326,-4.1092577332,E,wsx312#@gmail.com
83,1086,Benjamin Taylor,zxc258!,4,90476397,8331524282398,0,20,55.8636847303,-4.1534569742,A,wsx312#@mail.com
84,1087,Henry Johnson,abc5678!!,0,99723783,6552814339414,1,67,55.9043464343,-4.0613600824,C,wsx741!@msn.com
85,1088,Mason Johnson,zxc1234!,43,81277434,7687644179368,0,82,55.9085868281,-4.1993474658,B,qaz5678%@gmail.com
86,1089,William Martin,zxc741$,23,22857331,8024564197210,1,81,55.8861380626,-4.0947641624,C,edc5678!@gmail.com
87,1090,Henry Brown,zxc258@,33,74993265,5940937476343,1,63,55.9195716506,-4.0893739101,C,zxc312!!@mail.com
88,1091,Jack Taylor,abc741%,43,51952794,5892399936173,0,11,55.8835045829,-4.2461643053,A,edc5678!!@msn.com
89,1092,Daniel Martin,qwe741!!,63,22519462,6303360169400,0,29,55.8187970472,-4.0760869166,E,zxc5678#@gmail.com
90,1093,Elijah Scott,qwe258#,79,22198744,2884996625393,0,74,55.9396848517,-4.1259049694,C,qaz1234!@gmail.com
91,1094,Daniel Martin,qwe147!,5,77971328,6949798165129,0,13,55.9057483103,-4.1038142908,C,wsx741!@msn.com
92,1095,Jacob Scott,qwe258#,4,82000298,5376642722633,0,41,55.9086088973,-4.1616998656,B,zxc258!!@hotmail.com
93,1096,Lucas King,qwe741!,83,68033558,1505395180149,2,31,55.8703467106,-4.2244813958,A,edc5678%@gmail.com
94,1097,Benjamin Brown,qwe741!!,58,88618306,7977300504620,0,36,55.889874332,-4.1638901037,A,wsx147$@gmail.com
95,1098,Sebastian Martin,qwe258#,93,40972719,3958041964053,1,66,55.8936699389,-4.0114300503,C,abc147$@hotmail.com
96,1099,Alexander Brown,wasd5678!,78,48653849,6740522147560,2,31,55.8668987818,-4.0618372996,E,edc1234$@hotmail.com
97,1100,Oliver Moore,qwe147%,77,83377906,5242993089385,1,62,55.8618948717,-4.1895293058,A,wsx741$@msn.com
98,1101,Elijah Scott,qwe147%,96,31157860,1581776167361,0,9,55.8838253729,-4.2060382884,A,edc312!!@gmail.com
99,1102,Michael Smith,wasd1234@,22,53238905,2075865031951,1,69,55.9241841531,-4.2582465259,B,qaz258!!@outlook.com
100,1103,Alexander King,zxc147@,21,85159906,8600137858283,1,44,55.8454386571,-4.0698782778,E,edc258!@mail.com
101,1104,Daniel Williams,zxc741$,46,93590922,1785420464329,0,61,55.8608712772,-4.1508045875,A,wsx1234%@outlook.com
102,1105,Michael Martin,abc258$,61,14410516,8032529435222,1,21,55.9331501281,-4.2947527629,B,wsx312#@gmail.com
103,1106,Jacob Scott,abc5678!!,48,93364867,2187743595944,1,89,55.9162426037,-4.2331812316,B,wsx5678%@msn.com
104,1107,Alexander Scott,asd741$,33,42600239,9282634638613,1,42,55.9353851685,-4.17642432,B,qaz258!!@outlook.com
105,1108,Michael Scott,asd1234!,7,72395332,4706567650672,0,52,55.8726160783,-4.2333783326,A,wsx1234!@mail.com
106,1109,Alexander Clark,abc1234$,65,25403628,3981533311128,2,72,55.9211005994,-4.1891649231,B,wsx147!@gmail.com
107,1110,Jackson Walker,asd741@,48,99533969,1086188023935,0,45,55.893479061,-4.2539144699,A,wsx1234!!@hotmail.com
108,1111,Elijah Johnson,qwe147%,37,45062467,3156221255971,2,39,55.9372270383,-4.0977502969,C,qaz258!!@outlook.com
109,1112,Jackson Johnson,abc312!!,11,97162653,8173366147874,0,6,55.8308249111,-4.1858394656,D,edc1234#@gmail.com
110,1113,Daniel Williams,abc741$,27,45055013,6988270561436,3,5,55.8937167733,-4.2459894968,A,abc312%@msn.com
111,1114,Oliver King,qwe1234$,2,29008858,5748735253947,1,49,55.9079689947,-4.1765453841,B,abc312!!@mail.com
112,1115,Logan Brown,wasd741!!,80,27709599,7920212186806,1,72,55.8797021292,-4.238403717,A,zxc741!!@msn.com
113,1116,Benjamin Moore,qwe147#,81,90147047,4164704167029,0,82,55.8995205641,-4.1854667554,A,wsx1234%@outlook.com
114,1117,Liam Smith,qwe741!,33,16413000,4862578568505,3,72,55.8231313212,-4.0665971142,E,qaz5678!!@outlook.com
115,1118,Jackson Davis,zxc147@,73,91566300,4860273312076,1,73,55.9249316166,-4.1062706419,C,zxc5678!@gmail.com
116,1119,Liam Brown,abc5678@,58,58481125,1337299427856,1,19,55.8554998884,-4.2029172878,A,zxc1234!@msn.com
117,1120,Lucas Martin,abc312%,5,78940899,9295795354626,1,87,55.811787564,-4.1573084521,D,edc258!@mail.com
118,1121,Jack Moore,abc5678!!,4,43657301,5722719122411,3,29,55.8768917091,-4.1710634638,A,qaz258$@hotmail.com
119,1122,Benjamin Williams,qwe147%,45,13948178,6233895967075,0,11,55.8669100486,-4.2324121817,A,abc147!!@msn.com
120,1123,Henry Miller,abc5678@,32,93823616,7879670149340,0,97,55.874299953,-4.0992490945,E,zxc1234!@msn.com
121,1124,Noah Walker,zxc258#,70,60238622,6961977608792,0,20,55.9080973939,-4.0475146461,C,wsx147$@mail.com
122,1125,Liam Brown,wasd5678$,7,38000397,3732141936289,3,2,55.9030582735,-4.1165435733,C,zxc258!@outlook.com
123,1126,James Martin,asd147%,91,16151096,3901894605351,3,8,55.8662628157,-4.0994519015,E,edc147!!@hotmail.com
124,1127,Logan Scott,wasd258$,28,23797117,4177311381612,0,46,55.9466534748,-4.2107223169,B,zxc741!@msn.com
125,1128,Jacob Brown,abc258$,49,15168856,1954501535215,0,21,55.8234541314,-4.2505645559,D,wsx147!!@msn.com
126,1129,Ethan Moore,abc147@,55,25541660,7030494385002,1,93,55.8774767918,-4.2375567729,A,edc1234%@msn.com
127,1130,Benjamin Smith,qwe741%,72,85134850,5177648764110,1,88,55.8914560655,-4.1905503369,A,abc741$@msn.com
128,1131,James Johnson,zxc312$,30,95879633,3745414924011,0,69,55.8692787861,-4.1049863135,E,edc147!@mail.com
129,1132,Benjamin Johnson,asd312@,96,90214965,2211007599152,0,80,55.8454435054,-4.1269057829,E,abc312!!@gmail.com
130,1133,Jackson Williams,asd1234%,90,62896757,7666513951819,1,61,55.9344514973,-4.0338890169,C,abc741!!@outlook.com
131,1134,Henry Johnson,asd741!!,62,60660359,5076160744609,0,38,55.8808852702,-4.0990180961,C,abc312!!@gmail.com
132,1135,Noah Miller,asd5678!,56,61607813,4887164915639,0,73,55.8392941453,-4.0622799196,E,zxc1234!@msn.com
133,1136,Jackson Miller,wasd147#,34,29147190,5747838633085,0,3,55.9309704047,-4.1061051679,C,abc741#@hotmail.com
134,1137,William Clark,wasd312%,56,75333022,8935184657837,0,54,55.8872556628,-4.0899834763,C,edc258!!@hotmail.com
135,1138,Jacob Moore,abc5678@,88,63610729,6021570437705,0,11,55.8179232286,-4.0986237996,E,zxc5678#@hotmail.com
136,1139,Benjamin Williams,zxc258!,72,76985252,4652663979834,0,89,55.8150406194,-4.110141459,E,abc741!@msn.com
137,1140,Noah Brown,wasd1234@,44,29309571,9282559696791,0,65,55.949575005,-4.1965598849,B,qaz147$@gmail.com
138,1141,Daniel Smith,wasd258#,24,57931211,3682461110980,0,89,55.8713384498,-4.2781881152,D,qaz1234%@outlook.com
139,1142,Jackson Brown,asd5678!!,22,83453988,7447096639446,3,65,55.8982317532,-4.027402793,C,edc741$@hotmail.com
140,1143,Jack Smith,asd258%,79,73802690,1267412526433,0,66,55.860637563,-4.1990055741,A,wsx5678!!@hotmail.com
141,1144,Ethan Miller,qwe741%,60,17421137,3462922479878,1,84,55.8160411704,-4.2887176124,D,zxc5678#@hotmail.com
142,1145,Elijah Johnson,abc741#,66,75885996,6736913427015,3,59,55.8207456926,-4.2094019382,D,wsx312#@hotmail.com
143,1146,Liam King,qwe258#,84,65893197,9835879331800,2,21,55.8618668086,-4.2979709241,D,wsx1234#@hotmail.com
144,1147,Oliver Johnson,qwe312!,18,17267338,7913807035201,0,85,55.8640421891,-4.2720786839,D,abc741%@msn.com
145,1148,Henry Brown,asd5678%,5,69798512,9760144171366,0,95,55.9309543968,-4.1076672126,C,edc5678%@gmail.com
146,1149,James Scott,zxc258@,1,74589192,1782570615857,0,46,55.9205539975,-4.1501662344,C,edc147!@mail.com
147,1150,Jack Walker,zxc258!,68,75029386,5810714208558,0,100,55.8981201925,-4.1466424332,C,wsx147!!@msn.com
148,1151,Ethan King,asd5678$,44,67572949,9538300159375,0,34,55.8886739374,-4.2846283873,B,wsx741$@msn.com
149,1152,Jack Smith,wasd312%,37,90134563,6094448071738,1,82,55.8812152201,-4.1871608323,A,abc312%@msn.com
150,1153,Elijah Williams,asd258%,51,20052582,8061402283567,1,76,55.8148744323,-4.1522084716,E,qaz147!@msn.com
151,1154,Jacob Clark,abc147@,34,83067206,9038004920180,2,86,55.9092741197,-4.2430520106,B,wsx147!!@hotmail.com
152,1155,James Taylor,asd741@,66,26587304,2591873777756,0,28,55.893942316,-4.2703660058,B,wsx312#@gmail.com
153,1156,Jack King,asd258%,37,94801595,2608095729669,0,70,55.9442628222,-4.0669981268,C,qaz258#@gmail.com
154,1157,Benjamin Davis,wasd5678!,59,50123656,1251526329887,0,89,55.8158701504,-4.0660363765,E,zxc1234!@msn.com
155,1158,James Martin,zxc1234!,43,34310066,8280140186621,1,40,55.8567001093,-4.1658762558,A,abc1234%@gmail.com
156,1159,Mason Scott,asd741@,23,99667508,4744999807237,1,41,55.9028677517,-4.1284737017,C,edc1234#@gmail.com
157,1160,Elijah Smith,zxc741$,71,69342474,9247636652129,1,34,55.8979716928,-4.1367556389,C,zxc312!@gmail.com
158,123,123,123,0,123,123,0,,55.8612218974,-4.1527813822,A,
